relative_path,class_name,label,group_id,split
data/raw/brain_ct/Brain_Data_Organised/Normal/100 (1).jpg,Normal,0,Normal_100,train
data/raw/brain_ct/Brain_Data_Organised/Normal/100 (2).jpg,Normal,0,Normal_100,train
data/raw/brain_ct/Brain_Data_Organised/Normal/100 (3).jpg,Normal,0,Normal_100,train
data/raw/brain_ct/Brain_Data_Organised/Normal/100 (4).jpg,Normal,0,Normal_100,train
data/raw/brain_ct/Brain_Data_Organised/Normal/100 (5).jpg,Normal,0,Normal_100,train
data/raw/brain_ct/Brain_Data_Organised/Normal/100 (6).jpg,Normal,0,Normal_100,train
data/raw/brain_ct/Brain_Data_Organised/Normal/100 (7).jpg,Normal,0,Normal_100,train
data/raw/brain_ct/Brain_Data_Organised/Normal/100 (8).jpg,Normal,0,Normal_100,train
data/raw/brain_ct/Brain_Data_Organised/Normal/100 (9).jpg,Normal,0,Normal_100,train
data/raw/brain_ct/Brain_Data_Organised/Normal/100 (10).jpg,Normal,0,Normal_100,train
data/raw/brain_ct/Brain_Data_Organised/Normal/100 (11).jpg,Normal,0,Normal_100,train
data/raw/brain_ct/Brain_Data_Organised/Normal/100 (12).jpg,Normal,0,Normal_100,train
data/raw/brain_ct/Brain_Data_Organised/Normal/100 (13).jpg,Normal,0,Normal_100,train
data/raw/brain_ct/Brain_Data_Organised/Normal/100 (14).jpg,Normal,0,Normal_100,train
data/raw/brain_ct/Brain_Data_Organised/Normal/100 (15).jpg,Normal,0,Normal_100,train
data/raw/brain_ct/Brain_Data_Organised/Normal/100 (16).jpg,Normal,0,Normal_100,train
data/raw/brain_ct/Brain_Data_Organised/Normal/100 (17).jpg,Normal,0,Normal_100,train
data/raw/brain_ct/Brain_Data_Organised/Normal/100 (18).jpg,Normal,0,Normal_100,train
data/raw/brain_ct/Brain_Data_Organised/Normal/100 (19).jpg,Normal,0,Normal_100,train
data/raw/brain_ct/Brain_Data_Organised/Normal/100 (20).jpg,Normal,0,Normal_100,train
data/raw/brain_ct/Brain_Data_Organised/Normal/100 (21).jpg,Normal,0,Normal_100,train
data/raw/brain_ct/Brain_Data_Organised/Normal/100 (22).jpg,Normal,0,Normal_100,train
data/raw/brain_ct/Brain_Data_Organised/Normal/100 (23).jpg,Normal,0,Normal_100,train
data/raw/brain_ct/Brain_Data_Organised/Normal/100 (24).jpg,Normal,0,Normal_100,train
data/raw/brain_ct/Brain_Data_Organised/Normal/100 (25).jpg,Normal,0,Normal_100,train
data/raw/brain_ct/Brain_Data_Organised/Normal/100 (26).jpg,Normal,0,Normal_100,train
data/raw/brain_ct/Brain_Data_Organised/Normal/100 (27).jpg,Normal,0,Normal_100,train
data/raw/brain_ct/Brain_Data_Organised/Normal/100 (28).jpg,Normal,0,Normal_100,train
data/raw/brain_ct/Brain_Data_Organised/Normal/100 (29).jpg,Normal,0,Normal_100,train
data/raw/brain_ct/Brain_Data_Organised/Normal/100 (30).jpg,Normal,0,Normal_100,train
data/raw/brain_ct/Brain_Data_Organised/Normal/101 (1).jpg,Normal,0,Normal_101,train
data/raw/brain_ct/Brain_Data_Organised/Normal/101 (2).jpg,Normal,0,Normal_101,train
data/raw/brain_ct/Brain_Data_Organised/Normal/101 (3).jpg,Normal,0,Normal_101,train
data/raw/brain_ct/Brain_Data_Organised/Normal/101 (4).jpg,Normal,0,Normal_101,train
data/raw/brain_ct/Brain_Data_Organised/Normal/101 (5).jpg,Normal,0,Normal_101,train
data/raw/brain_ct/Brain_Data_Organised/Normal/101 (6).jpg,Normal,0,Normal_101,train
data/raw/brain_ct/Brain_Data_Organised/Normal/101 (7).jpg,Normal,0,Normal_101,train
data/raw/brain_ct/Brain_Data_Organised/Normal/101 (8).jpg,Normal,0,Normal_101,train
data/raw/brain_ct/Brain_Data_Organised/Normal/101 (9).jpg,Normal,0,Normal_101,train
data/raw/brain_ct/Brain_Data_Organised/Normal/101 (10).jpg,Normal,0,Normal_101,train
data/raw/brain_ct/Brain_Data_Organised/Normal/101 (11).jpg,Normal,0,Normal_101,train
data/raw/brain_ct/Brain_Data_Organised/Normal/101 (12).jpg,Normal,0,Normal_101,train
data/raw/brain_ct/Brain_Data_Organised/Normal/101 (13).jpg,Normal,0,Normal_101,train
data/raw/brain_ct/Brain_Data_Organised/Normal/101 (14).jpg,Normal,0,Normal_101,train
data/raw/brain_ct/Brain_Data_Organised/Normal/101 (15).jpg,Normal,0,Normal_101,train
data/raw/brain_ct/Brain_Data_Organised/Normal/101 (16).jpg,Normal,0,Normal_101,train
data/raw/brain_ct/Brain_Data_Organised/Normal/101 (17).jpg,Normal,0,Normal_101,train
data/raw/brain_ct/Brain_Data_Organised/Normal/101 (18).jpg,Normal,0,Normal_101,train
data/raw/brain_ct/Brain_Data_Organised/Normal/101 (19).jpg,Normal,0,Normal_101,train
data/raw/brain_ct/Brain_Data_Organised/Normal/101 (20).jpg,Normal,0,Normal_101,train
data/raw/brain_ct/Brain_Data_Organised/Normal/101 (21).jpg,Normal,0,Normal_101,train
data/raw/brain_ct/Brain_Data_Organised/Normal/101 (22).jpg,Normal,0,Normal_101,train
data/raw/brain_ct/Brain_Data_Organised/Normal/101 (23).jpg,Normal,0,Normal_101,train
data/raw/brain_ct/Brain_Data_Organised/Normal/101 (24).jpg,Normal,0,Normal_101,train
data/raw/brain_ct/Brain_Data_Organised/Normal/101 (25).jpg,Normal,0,Normal_101,train
data/raw/brain_ct/Brain_Data_Organised/Normal/101 (26).jpg,Normal,0,Normal_101,train
data/raw/brain_ct/Brain_Data_Organised/Normal/101 (27).jpg,Normal,0,Normal_101,train
data/raw/brain_ct/Brain_Data_Organised/Normal/101 (28).jpg,Normal,0,Normal_101,train
data/raw/brain_ct/Brain_Data_Organised/Normal/101 (29).jpg,Normal,0,Normal_101,train
data/raw/brain_ct/Brain_Data_Organised/Normal/101 (30).jpg,Normal,0,Normal_101,train
data/raw/brain_ct/Brain_Data_Organised/Normal/101 (31).jpg,Normal,0,Normal_101,train
data/raw/brain_ct/Brain_Data_Organised/Normal/102 (1).jpg,Normal,0,Normal_102,train
data/raw/brain_ct/Brain_Data_Organised/Normal/102 (2).jpg,Normal,0,Normal_102,train
data/raw/brain_ct/Brain_Data_Organised/Normal/102 (3).jpg,Normal,0,Normal_102,train
data/raw/brain_ct/Brain_Data_Organised/Normal/102 (4).jpg,Normal,0,Normal_102,train
data/raw/brain_ct/Brain_Data_Organised/Normal/102 (5).jpg,Normal,0,Normal_102,train
data/raw/brain_ct/Brain_Data_Organised/Normal/102 (6).jpg,Normal,0,Normal_102,train
data/raw/brain_ct/Brain_Data_Organised/Normal/102 (7).jpg,Normal,0,Normal_102,train
data/raw/brain_ct/Brain_Data_Organised/Normal/102 (8).jpg,Normal,0,Normal_102,train
data/raw/brain_ct/Brain_Data_Organised/Normal/102 (9).jpg,Normal,0,Normal_102,train
data/raw/brain_ct/Brain_Data_Organised/Normal/102 (10).jpg,Normal,0,Normal_102,train
data/raw/brain_ct/Brain_Data_Organised/Normal/102 (11).jpg,Normal,0,Normal_102,train
data/raw/brain_ct/Brain_Data_Organised/Normal/102 (12).jpg,Normal,0,Normal_102,train
data/raw/brain_ct/Brain_Data_Organised/Normal/102 (13).jpg,Normal,0,Normal_102,train
data/raw/brain_ct/Brain_Data_Organised/Normal/102 (14).jpg,Normal,0,Normal_102,train
data/raw/brain_ct/Brain_Data_Organised/Normal/102 (15).jpg,Normal,0,Normal_102,train
data/raw/brain_ct/Brain_Data_Organised/Normal/102 (16).jpg,Normal,0,Normal_102,train
data/raw/brain_ct/Brain_Data_Organised/Normal/102 (17).jpg,Normal,0,Normal_102,train
data/raw/brain_ct/Brain_Data_Organised/Normal/102 (18).jpg,Normal,0,Normal_102,train
data/raw/brain_ct/Brain_Data_Organised/Normal/102 (19).jpg,Normal,0,Normal_102,train
data/raw/brain_ct/Brain_Data_Organised/Normal/102 (20).jpg,Normal,0,Normal_102,train
data/raw/brain_ct/Brain_Data_Organised/Normal/102 (21).jpg,Normal,0,Normal_102,train
data/raw/brain_ct/Brain_Data_Organised/Normal/102 (22).jpg,Normal,0,Normal_102,train
data/raw/brain_ct/Brain_Data_Organised/Normal/102 (23).jpg,Normal,0,Normal_102,train
data/raw/brain_ct/Brain_Data_Organised/Normal/102 (24).jpg,Normal,0,Normal_102,train
data/raw/brain_ct/Brain_Data_Organised/Normal/102 (25).jpg,Normal,0,Normal_102,train
data/raw/brain_ct/Brain_Data_Organised/Normal/102 (26).jpg,Normal,0,Normal_102,train
data/raw/brain_ct/Brain_Data_Organised/Normal/102 (27).jpg,Normal,0,Normal_102,train
data/raw/brain_ct/Brain_Data_Organised/Normal/102 (28).jpg,Normal,0,Normal_102,train
data/raw/brain_ct/Brain_Data_Organised/Normal/102 (29).jpg,Normal,0,Normal_102,train
data/raw/brain_ct/Brain_Data_Organised/Normal/102 (30).jpg,Normal,0,Normal_102,train
data/raw/brain_ct/Brain_Data_Organised/Normal/102 (31).jpg,Normal,0,Normal_102,train
data/raw/brain_ct/Brain_Data_Organised/Normal/103 (1).jpg,Normal,0,Normal_103,train
data/raw/brain_ct/Brain_Data_Organised/Normal/103 (2).jpg,Normal,0,Normal_103,train
data/raw/brain_ct/Brain_Data_Organised/Normal/103 (3).jpg,Normal,0,Normal_103,train
data/raw/brain_ct/Brain_Data_Organised/Normal/103 (4).jpg,Normal,0,Normal_103,train
data/raw/brain_ct/Brain_Data_Organised/Normal/103 (5).jpg,Normal,0,Normal_103,train
data/raw/brain_ct/Brain_Data_Organised/Normal/103 (6).jpg,Normal,0,Normal_103,train
data/raw/brain_ct/Brain_Data_Organised/Normal/103 (7).jpg,Normal,0,Normal_103,train
data/raw/brain_ct/Brain_Data_Organised/Normal/103 (8).jpg,Normal,0,Normal_103,train
data/raw/brain_ct/Brain_Data_Organised/Normal/103 (9).jpg,Normal,0,Normal_103,train
data/raw/brain_ct/Brain_Data_Organised/Normal/103 (10).jpg,Normal,0,Normal_103,train
data/raw/brain_ct/Brain_Data_Organised/Normal/103 (11).jpg,Normal,0,Normal_103,train
data/raw/brain_ct/Brain_Data_Organised/Normal/103 (12).jpg,Normal,0,Normal_103,train
data/raw/brain_ct/Brain_Data_Organised/Normal/103 (13).jpg,Normal,0,Normal_103,train
data/raw/brain_ct/Brain_Data_Organised/Normal/103 (14).jpg,Normal,0,Normal_103,train
data/raw/brain_ct/Brain_Data_Organised/Normal/103 (15).jpg,Normal,0,Normal_103,train
data/raw/brain_ct/Brain_Data_Organised/Normal/103 (16).jpg,Normal,0,Normal_103,train
data/raw/brain_ct/Brain_Data_Organised/Normal/103 (17).jpg,Normal,0,Normal_103,train
data/raw/brain_ct/Brain_Data_Organised/Normal/103 (18).jpg,Normal,0,Normal_103,train
data/raw/brain_ct/Brain_Data_Organised/Normal/103 (19).jpg,Normal,0,Normal_103,train
data/raw/brain_ct/Brain_Data_Organised/Normal/103 (20).jpg,Normal,0,Normal_103,train
data/raw/brain_ct/Brain_Data_Organised/Normal/103 (21).jpg,Normal,0,Normal_103,train
data/raw/brain_ct/Brain_Data_Organised/Normal/103 (22).jpg,Normal,0,Normal_103,train
data/raw/brain_ct/Brain_Data_Organised/Normal/103 (23).jpg,Normal,0,Normal_103,train
data/raw/brain_ct/Brain_Data_Organised/Normal/103 (24).jpg,Normal,0,Normal_103,train
data/raw/brain_ct/Brain_Data_Organised/Normal/103 (25).jpg,Normal,0,Normal_103,train
data/raw/brain_ct/Brain_Data_Organised/Normal/103 (26).jpg,Normal,0,Normal_103,train
data/raw/brain_ct/Brain_Data_Organised/Normal/103 (27).jpg,Normal,0,Normal_103,train
data/raw/brain_ct/Brain_Data_Organised/Normal/103 (28).jpg,Normal,0,Normal_103,train
data/raw/brain_ct/Brain_Data_Organised/Normal/103 (29).jpg,Normal,0,Normal_103,train
data/raw/brain_ct/Brain_Data_Organised/Normal/103 (30).jpg,Normal,0,Normal_103,train
data/raw/brain_ct/Brain_Data_Organised/Normal/103 (31).jpg,Normal,0,Normal_103,train
data/raw/brain_ct/Brain_Data_Organised/Normal/103 (32).jpg,Normal,0,Normal_103,train
data/raw/brain_ct/Brain_Data_Organised/Normal/103 (33).jpg,Normal,0,Normal_103,train
data/raw/brain_ct/Brain_Data_Organised/Normal/103 (34).jpg,Normal,0,Normal_103,train
data/raw/brain_ct/Brain_Data_Organised/Normal/103 (35).jpg,Normal,0,Normal_103,train
data/raw/brain_ct/Brain_Data_Organised/Normal/104 (1).jpg,Normal,0,Normal_104,train
data/raw/brain_ct/Brain_Data_Organised/Normal/104 (2).jpg,Normal,0,Normal_104,train
data/raw/brain_ct/Brain_Data_Organised/Normal/104 (3).jpg,Normal,0,Normal_104,train
data/raw/brain_ct/Brain_Data_Organised/Normal/104 (4).jpg,Normal,0,Normal_104,train
data/raw/brain_ct/Brain_Data_Organised/Normal/104 (5).jpg,Normal,0,Normal_104,train
data/raw/brain_ct/Brain_Data_Organised/Normal/104 (6).jpg,Normal,0,Normal_104,train
data/raw/brain_ct/Brain_Data_Organised/Normal/104 (7).jpg,Normal,0,Normal_104,train
data/raw/brain_ct/Brain_Data_Organised/Normal/104 (8).jpg,Normal,0,Normal_104,train
data/raw/brain_ct/Brain_Data_Organised/Normal/104 (9).jpg,Normal,0,Normal_104,train
data/raw/brain_ct/Brain_Data_Organised/Normal/104 (10).jpg,Normal,0,Normal_104,train
data/raw/brain_ct/Brain_Data_Organised/Normal/104 (11).jpg,Normal,0,Normal_104,train
data/raw/brain_ct/Brain_Data_Organised/Normal/104 (12).jpg,Normal,0,Normal_104,train
data/raw/brain_ct/Brain_Data_Organised/Normal/104 (13).jpg,Normal,0,Normal_104,train
data/raw/brain_ct/Brain_Data_Organised/Normal/104 (14).jpg,Normal,0,Normal_104,train
data/raw/brain_ct/Brain_Data_Organised/Normal/104 (15).jpg,Normal,0,Normal_104,train
data/raw/brain_ct/Brain_Data_Organised/Normal/104 (16).jpg,Normal,0,Normal_104,train
data/raw/brain_ct/Brain_Data_Organised/Normal/104 (17).jpg,Normal,0,Normal_104,train
data/raw/brain_ct/Brain_Data_Organised/Normal/104 (18).jpg,Normal,0,Normal_104,train
data/raw/brain_ct/Brain_Data_Organised/Normal/104 (19).jpg,Normal,0,Normal_104,train
data/raw/brain_ct/Brain_Data_Organised/Normal/104 (20).jpg,Normal,0,Normal_104,train
data/raw/brain_ct/Brain_Data_Organised/Normal/104 (21).jpg,Normal,0,Normal_104,train
data/raw/brain_ct/Brain_Data_Organised/Normal/104 (22).jpg,Normal,0,Normal_104,train
data/raw/brain_ct/Brain_Data_Organised/Normal/104 (23).jpg,Normal,0,Normal_104,train
data/raw/brain_ct/Brain_Data_Organised/Normal/104 (24).jpg,Normal,0,Normal_104,train
data/raw/brain_ct/Brain_Data_Organised/Normal/104 (25).jpg,Normal,0,Normal_104,train
data/raw/brain_ct/Brain_Data_Organised/Normal/104 (26).jpg,Normal,0,Normal_104,train
data/raw/brain_ct/Brain_Data_Organised/Normal/104 (27).jpg,Normal,0,Normal_104,train
data/raw/brain_ct/Brain_Data_Organised/Normal/104 (28).jpg,Normal,0,Normal_104,train
data/raw/brain_ct/Brain_Data_Organised/Normal/104 (29).jpg,Normal,0,Normal_104,train
data/raw/brain_ct/Brain_Data_Organised/Normal/105 (1).jpg,Normal,0,Normal_105,train
data/raw/brain_ct/Brain_Data_Organised/Normal/105 (2).jpg,Normal,0,Normal_105,train
data/raw/brain_ct/Brain_Data_Organised/Normal/105 (3).jpg,Normal,0,Normal_105,train
data/raw/brain_ct/Brain_Data_Organised/Normal/105 (4).jpg,Normal,0,Normal_105,train
data/raw/brain_ct/Brain_Data_Organised/Normal/105 (5).jpg,Normal,0,Normal_105,train
data/raw/brain_ct/Brain_Data_Organised/Normal/105 (6).jpg,Normal,0,Normal_105,train
data/raw/brain_ct/Brain_Data_Organised/Normal/105 (7).jpg,Normal,0,Normal_105,train
data/raw/brain_ct/Brain_Data_Organised/Normal/105 (8).jpg,Normal,0,Normal_105,train
data/raw/brain_ct/Brain_Data_Organised/Normal/105 (9).jpg,Normal,0,Normal_105,train
data/raw/brain_ct/Brain_Data_Organised/Normal/105 (10).jpg,Normal,0,Normal_105,train
data/raw/brain_ct/Brain_Data_Organised/Normal/105 (11).jpg,Normal,0,Normal_105,train
data/raw/brain_ct/Brain_Data_Organised/Normal/105 (12).jpg,Normal,0,Normal_105,train
data/raw/brain_ct/Brain_Data_Organised/Normal/105 (13).jpg,Normal,0,Normal_105,train
data/raw/brain_ct/Brain_Data_Organised/Normal/105 (14).jpg,Normal,0,Normal_105,train
data/raw/brain_ct/Brain_Data_Organised/Normal/105 (15).jpg,Normal,0,Normal_105,train
data/raw/brain_ct/Brain_Data_Organised/Normal/105 (16).jpg,Normal,0,Normal_105,train
data/raw/brain_ct/Brain_Data_Organised/Normal/105 (17).jpg,Normal,0,Normal_105,train
data/raw/brain_ct/Brain_Data_Organised/Normal/105 (18).jpg,Normal,0,Normal_105,train
data/raw/brain_ct/Brain_Data_Organised/Normal/105 (19).jpg,Normal,0,Normal_105,train
data/raw/brain_ct/Brain_Data_Organised/Normal/105 (20).jpg,Normal,0,Normal_105,train
data/raw/brain_ct/Brain_Data_Organised/Normal/105 (21).jpg,Normal,0,Normal_105,train
data/raw/brain_ct/Brain_Data_Organised/Normal/105 (22).jpg,Normal,0,Normal_105,train
data/raw/brain_ct/Brain_Data_Organised/Normal/105 (23).jpg,Normal,0,Normal_105,train
data/raw/brain_ct/Brain_Data_Organised/Normal/105 (24).jpg,Normal,0,Normal_105,train
data/raw/brain_ct/Brain_Data_Organised/Normal/105 (25).jpg,Normal,0,Normal_105,train
data/raw/brain_ct/Brain_Data_Organised/Normal/105 (26).jpg,Normal,0,Normal_105,train
data/raw/brain_ct/Brain_Data_Organised/Normal/105 (27).jpg,Normal,0,Normal_105,train
data/raw/brain_ct/Brain_Data_Organised/Normal/105 (28).jpg,Normal,0,Normal_105,train
data/raw/brain_ct/Brain_Data_Organised/Normal/105 (29).jpg,Normal,0,Normal_105,train
data/raw/brain_ct/Brain_Data_Organised/Normal/105 (30).jpg,Normal,0,Normal_105,train
data/raw/brain_ct/Brain_Data_Organised/Normal/108 (1).jpg,Normal,0,Normal_108,train
data/raw/brain_ct/Brain_Data_Organised/Normal/108 (2).jpg,Normal,0,Normal_108,train
data/raw/brain_ct/Brain_Data_Organised/Normal/108 (3).jpg,Normal,0,Normal_108,train
data/raw/brain_ct/Brain_Data_Organised/Normal/108 (4).jpg,Normal,0,Normal_108,train
data/raw/brain_ct/Brain_Data_Organised/Normal/108 (5).jpg,Normal,0,Normal_108,train
data/raw/brain_ct/Brain_Data_Organised/Normal/108 (6).jpg,Normal,0,Normal_108,train
data/raw/brain_ct/Brain_Data_Organised/Normal/108 (7).jpg,Normal,0,Normal_108,train
data/raw/brain_ct/Brain_Data_Organised/Normal/108 (8).jpg,Normal,0,Normal_108,train
data/raw/brain_ct/Brain_Data_Organised/Normal/108 (9).jpg,Normal,0,Normal_108,train
data/raw/brain_ct/Brain_Data_Organised/Normal/108 (10).jpg,Normal,0,Normal_108,train
data/raw/brain_ct/Brain_Data_Organised/Normal/108 (11).jpg,Normal,0,Normal_108,train
data/raw/brain_ct/Brain_Data_Organised/Normal/108 (12).jpg,Normal,0,Normal_108,train
data/raw/brain_ct/Brain_Data_Organised/Normal/108 (13).jpg,Normal,0,Normal_108,train
data/raw/brain_ct/Brain_Data_Organised/Normal/108 (14).jpg,Normal,0,Normal_108,train
data/raw/brain_ct/Brain_Data_Organised/Normal/108 (15).jpg,Normal,0,Normal_108,train
data/raw/brain_ct/Brain_Data_Organised/Normal/108 (16).jpg,Normal,0,Normal_108,train
data/raw/brain_ct/Brain_Data_Organised/Normal/108 (17).jpg,Normal,0,Normal_108,train
data/raw/brain_ct/Brain_Data_Organised/Normal/108 (18).jpg,Normal,0,Normal_108,train
data/raw/brain_ct/Brain_Data_Organised/Normal/108 (19).jpg,Normal,0,Normal_108,train
data/raw/brain_ct/Brain_Data_Organised/Normal/108 (20).jpg,Normal,0,Normal_108,train
data/raw/brain_ct/Brain_Data_Organised/Normal/108 (21).jpg,Normal,0,Normal_108,train
data/raw/brain_ct/Brain_Data_Organised/Normal/108 (22).jpg,Normal,0,Normal_108,train
data/raw/brain_ct/Brain_Data_Organised/Normal/108 (23).jpg,Normal,0,Normal_108,train
data/raw/brain_ct/Brain_Data_Organised/Normal/108 (24).jpg,Normal,0,Normal_108,train
data/raw/brain_ct/Brain_Data_Organised/Normal/108 (25).jpg,Normal,0,Normal_108,train
data/raw/brain_ct/Brain_Data_Organised/Normal/108 (26).jpg,Normal,0,Normal_108,train
data/raw/brain_ct/Brain_Data_Organised/Normal/108 (27).jpg,Normal,0,Normal_108,train
data/raw/brain_ct/Brain_Data_Organised/Normal/108 (28).jpg,Normal,0,Normal_108,train
data/raw/brain_ct/Brain_Data_Organised/Normal/108 (29).jpg,Normal,0,Normal_108,train
data/raw/brain_ct/Brain_Data_Organised/Normal/111 (1).jpg,Normal,0,Normal_111,train
data/raw/brain_ct/Brain_Data_Organised/Normal/111 (2).jpg,Normal,0,Normal_111,train
data/raw/brain_ct/Brain_Data_Organised/Normal/111 (3).jpg,Normal,0,Normal_111,train
data/raw/brain_ct/Brain_Data_Organised/Normal/111 (4).jpg,Normal,0,Normal_111,train
data/raw/brain_ct/Brain_Data_Organised/Normal/111 (5).jpg,Normal,0,Normal_111,train
data/raw/brain_ct/Brain_Data_Organised/Normal/111 (6).jpg,Normal,0,Normal_111,train
data/raw/brain_ct/Brain_Data_Organised/Normal/111 (7).jpg,Normal,0,Normal_111,train
data/raw/brain_ct/Brain_Data_Organised/Normal/111 (8).jpg,Normal,0,Normal_111,train
data/raw/brain_ct/Brain_Data_Organised/Normal/111 (9).jpg,Normal,0,Normal_111,train
data/raw/brain_ct/Brain_Data_Organised/Normal/111 (10).jpg,Normal,0,Normal_111,train
data/raw/brain_ct/Brain_Data_Organised/Normal/111 (11).jpg,Normal,0,Normal_111,train
data/raw/brain_ct/Brain_Data_Organised/Normal/111 (12).jpg,Normal,0,Normal_111,train
data/raw/brain_ct/Brain_Data_Organised/Normal/111 (13).jpg,Normal,0,Normal_111,train
data/raw/brain_ct/Brain_Data_Organised/Normal/111 (14).jpg,Normal,0,Normal_111,train
data/raw/brain_ct/Brain_Data_Organised/Normal/111 (15).jpg,Normal,0,Normal_111,train
data/raw/brain_ct/Brain_Data_Organised/Normal/111 (16).jpg,Normal,0,Normal_111,train
data/raw/brain_ct/Brain_Data_Organised/Normal/111 (17).jpg,Normal,0,Normal_111,train
data/raw/brain_ct/Brain_Data_Organised/Normal/111 (18).jpg,Normal,0,Normal_111,train
data/raw/brain_ct/Brain_Data_Organised/Normal/111 (19).jpg,Normal,0,Normal_111,train
data/raw/brain_ct/Brain_Data_Organised/Normal/111 (20).jpg,Normal,0,Normal_111,train
data/raw/brain_ct/Brain_Data_Organised/Normal/111 (21).jpg,Normal,0,Normal_111,train
data/raw/brain_ct/Brain_Data_Organised/Normal/111 (22).jpg,Normal,0,Normal_111,train
data/raw/brain_ct/Brain_Data_Organised/Normal/111 (23).jpg,Normal,0,Normal_111,train
data/raw/brain_ct/Brain_Data_Organised/Normal/111 (24).jpg,Normal,0,Normal_111,train
data/raw/brain_ct/Brain_Data_Organised/Normal/111 (25).jpg,Normal,0,Normal_111,train
data/raw/brain_ct/Brain_Data_Organised/Normal/111 (26).jpg,Normal,0,Normal_111,train
data/raw/brain_ct/Brain_Data_Organised/Normal/111 (27).jpg,Normal,0,Normal_111,train
data/raw/brain_ct/Brain_Data_Organised/Normal/111 (28).jpg,Normal,0,Normal_111,train
data/raw/brain_ct/Brain_Data_Organised/Normal/111 (29).jpg,Normal,0,Normal_111,train
data/raw/brain_ct/Brain_Data_Organised/Normal/111 (30).jpg,Normal,0,Normal_111,train
data/raw/brain_ct/Brain_Data_Organised/Normal/111 (31).jpg,Normal,0,Normal_111,train
data/raw/brain_ct/Brain_Data_Organised/Normal/111 (32).jpg,Normal,0,Normal_111,train
data/raw/brain_ct/Brain_Data_Organised/Normal/111 (33).jpg,Normal,0,Normal_111,train
data/raw/brain_ct/Brain_Data_Organised/Normal/112 (1).jpg,Normal,0,Normal_112,train
data/raw/brain_ct/Brain_Data_Organised/Normal/112 (2).jpg,Normal,0,Normal_112,train
data/raw/brain_ct/Brain_Data_Organised/Normal/112 (3).jpg,Normal,0,Normal_112,train
data/raw/brain_ct/Brain_Data_Organised/Normal/112 (4).jpg,Normal,0,Normal_112,train
data/raw/brain_ct/Brain_Data_Organised/Normal/112 (5).jpg,Normal,0,Normal_112,train
data/raw/brain_ct/Brain_Data_Organised/Normal/112 (6).jpg,Normal,0,Normal_112,train
data/raw/brain_ct/Brain_Data_Organised/Normal/112 (7).jpg,Normal,0,Normal_112,train
data/raw/brain_ct/Brain_Data_Organised/Normal/112 (8).jpg,Normal,0,Normal_112,train
data/raw/brain_ct/Brain_Data_Organised/Normal/112 (9).jpg,Normal,0,Normal_112,train
data/raw/brain_ct/Brain_Data_Organised/Normal/112 (10).jpg,Normal,0,Normal_112,train
data/raw/brain_ct/Brain_Data_Organised/Normal/112 (11).jpg,Normal,0,Normal_112,train
data/raw/brain_ct/Brain_Data_Organised/Normal/112 (12).jpg,Normal,0,Normal_112,train
data/raw/brain_ct/Brain_Data_Organised/Normal/112 (13).jpg,Normal,0,Normal_112,train
data/raw/brain_ct/Brain_Data_Organised/Normal/112 (14).jpg,Normal,0,Normal_112,train
data/raw/brain_ct/Brain_Data_Organised/Normal/112 (15).jpg,Normal,0,Normal_112,train
data/raw/brain_ct/Brain_Data_Organised/Normal/112 (16).jpg,Normal,0,Normal_112,train
data/raw/brain_ct/Brain_Data_Organised/Normal/112 (17).jpg,Normal,0,Normal_112,train
data/raw/brain_ct/Brain_Data_Organised/Normal/112 (18).jpg,Normal,0,Normal_112,train
data/raw/brain_ct/Brain_Data_Organised/Normal/112 (19).jpg,Normal,0,Normal_112,train
data/raw/brain_ct/Brain_Data_Organised/Normal/112 (20).jpg,Normal,0,Normal_112,train
data/raw/brain_ct/Brain_Data_Organised/Normal/112 (21).jpg,Normal,0,Normal_112,train
data/raw/brain_ct/Brain_Data_Organised/Normal/112 (22).jpg,Normal,0,Normal_112,train
data/raw/brain_ct/Brain_Data_Organised/Normal/112 (23).jpg,Normal,0,Normal_112,train
data/raw/brain_ct/Brain_Data_Organised/Normal/112 (24).jpg,Normal,0,Normal_112,train
data/raw/brain_ct/Brain_Data_Organised/Normal/112 (25).jpg,Normal,0,Normal_112,train
data/raw/brain_ct/Brain_Data_Organised/Normal/112 (26).jpg,Normal,0,Normal_112,train
data/raw/brain_ct/Brain_Data_Organised/Normal/113 (1).jpg,Normal,0,Normal_113,train
data/raw/brain_ct/Brain_Data_Organised/Normal/113 (2).jpg,Normal,0,Normal_113,train
data/raw/brain_ct/Brain_Data_Organised/Normal/113 (3).jpg,Normal,0,Normal_113,train
data/raw/brain_ct/Brain_Data_Organised/Normal/113 (4).jpg,Normal,0,Normal_113,train
data/raw/brain_ct/Brain_Data_Organised/Normal/113 (5).jpg,Normal,0,Normal_113,train
data/raw/brain_ct/Brain_Data_Organised/Normal/113 (6).jpg,Normal,0,Normal_113,train
data/raw/brain_ct/Brain_Data_Organised/Normal/113 (7).jpg,Normal,0,Normal_113,train
data/raw/brain_ct/Brain_Data_Organised/Normal/113 (8).jpg,Normal,0,Normal_113,train
data/raw/brain_ct/Brain_Data_Organised/Normal/113 (9).jpg,Normal,0,Normal_113,train
data/raw/brain_ct/Brain_Data_Organised/Normal/113 (10).jpg,Normal,0,Normal_113,train
data/raw/brain_ct/Brain_Data_Organised/Normal/113 (11).jpg,Normal,0,Normal_113,train
data/raw/brain_ct/Brain_Data_Organised/Normal/113 (12).jpg,Normal,0,Normal_113,train
data/raw/brain_ct/Brain_Data_Organised/Normal/113 (13).jpg,Normal,0,Normal_113,train
data/raw/brain_ct/Brain_Data_Organised/Normal/113 (14).jpg,Normal,0,Normal_113,train
data/raw/brain_ct/Brain_Data_Organised/Normal/113 (15).jpg,Normal,0,Normal_113,train
data/raw/brain_ct/Brain_Data_Organised/Normal/113 (16).jpg,Normal,0,Normal_113,train
data/raw/brain_ct/Brain_Data_Organised/Normal/113 (17).jpg,Normal,0,Normal_113,train
data/raw/brain_ct/Brain_Data_Organised/Normal/113 (18).jpg,Normal,0,Normal_113,train
data/raw/brain_ct/Brain_Data_Organised/Normal/113 (19).jpg,Normal,0,Normal_113,train
data/raw/brain_ct/Brain_Data_Organised/Normal/113 (20).jpg,Normal,0,Normal_113,train
data/raw/brain_ct/Brain_Data_Organised/Normal/113 (21).jpg,Normal,0,Normal_113,train
data/raw/brain_ct/Brain_Data_Organised/Normal/113 (22).jpg,Normal,0,Normal_113,train
data/raw/brain_ct/Brain_Data_Organised/Normal/113 (23).jpg,Normal,0,Normal_113,train
data/raw/brain_ct/Brain_Data_Organised/Normal/113 (24).jpg,Normal,0,Normal_113,train
data/raw/brain_ct/Brain_Data_Organised/Normal/113 (25).jpg,Normal,0,Normal_113,train
data/raw/brain_ct/Brain_Data_Organised/Normal/113 (26).jpg,Normal,0,Normal_113,train
data/raw/brain_ct/Brain_Data_Organised/Normal/113 (27).jpg,Normal,0,Normal_113,train
data/raw/brain_ct/Brain_Data_Organised/Normal/113 (28).jpg,Normal,0,Normal_113,train
data/raw/brain_ct/Brain_Data_Organised/Normal/115 (1).jpg,Normal,0,Normal_115,train
data/raw/brain_ct/Brain_Data_Organised/Normal/115 (2).jpg,Normal,0,Normal_115,train
data/raw/brain_ct/Brain_Data_Organised/Normal/115 (3).jpg,Normal,0,Normal_115,train
data/raw/brain_ct/Brain_Data_Organised/Normal/115 (4).jpg,Normal,0,Normal_115,train
data/raw/brain_ct/Brain_Data_Organised/Normal/115 (5).jpg,Normal,0,Normal_115,train
data/raw/brain_ct/Brain_Data_Organised/Normal/115 (6).jpg,Normal,0,Normal_115,train
data/raw/brain_ct/Brain_Data_Organised/Normal/115 (7).jpg,Normal,0,Normal_115,train
data/raw/brain_ct/Brain_Data_Organised/Normal/115 (8).jpg,Normal,0,Normal_115,train
data/raw/brain_ct/Brain_Data_Organised/Normal/115 (9).jpg,Normal,0,Normal_115,train
data/raw/brain_ct/Brain_Data_Organised/Normal/115 (10).jpg,Normal,0,Normal_115,train
data/raw/brain_ct/Brain_Data_Organised/Normal/115 (11).jpg,Normal,0,Normal_115,train
data/raw/brain_ct/Brain_Data_Organised/Normal/115 (12).jpg,Normal,0,Normal_115,train
data/raw/brain_ct/Brain_Data_Organised/Normal/115 (13).jpg,Normal,0,Normal_115,train
data/raw/brain_ct/Brain_Data_Organised/Normal/115 (14).jpg,Normal,0,Normal_115,train
data/raw/brain_ct/Brain_Data_Organised/Normal/115 (15).jpg,Normal,0,Normal_115,train
data/raw/brain_ct/Brain_Data_Organised/Normal/115 (16).jpg,Normal,0,Normal_115,train
data/raw/brain_ct/Brain_Data_Organised/Normal/115 (17).jpg,Normal,0,Normal_115,train
data/raw/brain_ct/Brain_Data_Organised/Normal/115 (18).jpg,Normal,0,Normal_115,train
data/raw/brain_ct/Brain_Data_Organised/Normal/115 (19).jpg,Normal,0,Normal_115,train
data/raw/brain_ct/Brain_Data_Organised/Normal/115 (20).jpg,Normal,0,Normal_115,train
data/raw/brain_ct/Brain_Data_Organised/Normal/115 (21).jpg,Normal,0,Normal_115,train
data/raw/brain_ct/Brain_Data_Organised/Normal/115 (22).jpg,Normal,0,Normal_115,train
data/raw/brain_ct/Brain_Data_Organised/Normal/115 (23).jpg,Normal,0,Normal_115,train
data/raw/brain_ct/Brain_Data_Organised/Normal/115 (24).jpg,Normal,0,Normal_115,train
data/raw/brain_ct/Brain_Data_Organised/Normal/115 (25).jpg,Normal,0,Normal_115,train
data/raw/brain_ct/Brain_Data_Organised/Normal/115 (26).jpg,Normal,0,Normal_115,train
data/raw/brain_ct/Brain_Data_Organised/Normal/115 (27).jpg,Normal,0,Normal_115,train
data/raw/brain_ct/Brain_Data_Organised/Normal/115 (28).jpg,Normal,0,Normal_115,train
data/raw/brain_ct/Brain_Data_Organised/Normal/115 (29).jpg,Normal,0,Normal_115,train
data/raw/brain_ct/Brain_Data_Organised/Normal/115 (30).jpg,Normal,0,Normal_115,train
data/raw/brain_ct/Brain_Data_Organised/Normal/115 (31).jpg,Normal,0,Normal_115,train
data/raw/brain_ct/Brain_Data_Organised/Normal/115 (32).jpg,Normal,0,Normal_115,train
data/raw/brain_ct/Brain_Data_Organised/Normal/116 (1).jpg,Normal,0,Normal_116,train
data/raw/brain_ct/Brain_Data_Organised/Normal/116 (2).jpg,Normal,0,Normal_116,train
data/raw/brain_ct/Brain_Data_Organised/Normal/116 (3).jpg,Normal,0,Normal_116,train
data/raw/brain_ct/Brain_Data_Organised/Normal/116 (4).jpg,Normal,0,Normal_116,train
data/raw/brain_ct/Brain_Data_Organised/Normal/116 (5).jpg,Normal,0,Normal_116,train
data/raw/brain_ct/Brain_Data_Organised/Normal/116 (6).jpg,Normal,0,Normal_116,train
data/raw/brain_ct/Brain_Data_Organised/Normal/116 (7).jpg,Normal,0,Normal_116,train
data/raw/brain_ct/Brain_Data_Organised/Normal/116 (8).jpg,Normal,0,Normal_116,train
data/raw/brain_ct/Brain_Data_Organised/Normal/116 (9).jpg,Normal,0,Normal_116,train
data/raw/brain_ct/Brain_Data_Organised/Normal/116 (10).jpg,Normal,0,Normal_116,train
data/raw/brain_ct/Brain_Data_Organised/Normal/116 (11).jpg,Normal,0,Normal_116,train
data/raw/brain_ct/Brain_Data_Organised/Normal/116 (12).jpg,Normal,0,Normal_116,train
data/raw/brain_ct/Brain_Data_Organised/Normal/116 (13).jpg,Normal,0,Normal_116,train
data/raw/brain_ct/Brain_Data_Organised/Normal/116 (14).jpg,Normal,0,Normal_116,train
data/raw/brain_ct/Brain_Data_Organised/Normal/116 (15).jpg,Normal,0,Normal_116,train
data/raw/brain_ct/Brain_Data_Organised/Normal/116 (16).jpg,Normal,0,Normal_116,train
data/raw/brain_ct/Brain_Data_Organised/Normal/116 (17).jpg,Normal,0,Normal_116,train
data/raw/brain_ct/Brain_Data_Organised/Normal/116 (18).jpg,Normal,0,Normal_116,train
data/raw/brain_ct/Brain_Data_Organised/Normal/116 (19).jpg,Normal,0,Normal_116,train
data/raw/brain_ct/Brain_Data_Organised/Normal/116 (20).jpg,Normal,0,Normal_116,train
data/raw/brain_ct/Brain_Data_Organised/Normal/116 (21).jpg,Normal,0,Normal_116,train
data/raw/brain_ct/Brain_Data_Organised/Normal/116 (22).jpg,Normal,0,Normal_116,train
data/raw/brain_ct/Brain_Data_Organised/Normal/116 (23).jpg,Normal,0,Normal_116,train
data/raw/brain_ct/Brain_Data_Organised/Normal/116 (24).jpg,Normal,0,Normal_116,train
data/raw/brain_ct/Brain_Data_Organised/Normal/116 (25).jpg,Normal,0,Normal_116,train
data/raw/brain_ct/Brain_Data_Organised/Normal/116 (26).jpg,Normal,0,Normal_116,train
data/raw/brain_ct/Brain_Data_Organised/Normal/116 (27).jpg,Normal,0,Normal_116,train
data/raw/brain_ct/Brain_Data_Organised/Normal/116 (28).jpg,Normal,0,Normal_116,train
data/raw/brain_ct/Brain_Data_Organised/Normal/116 (29).jpg,Normal,0,Normal_116,train
data/raw/brain_ct/Brain_Data_Organised/Normal/116 (30).jpg,Normal,0,Normal_116,train
data/raw/brain_ct/Brain_Data_Organised/Normal/116 (31).jpg,Normal,0,Normal_116,train
data/raw/brain_ct/Brain_Data_Organised/Normal/117 (1).jpg,Normal,0,Normal_117,train
data/raw/brain_ct/Brain_Data_Organised/Normal/117 (2).jpg,Normal,0,Normal_117,train
data/raw/brain_ct/Brain_Data_Organised/Normal/117 (3).jpg,Normal,0,Normal_117,train
data/raw/brain_ct/Brain_Data_Organised/Normal/117 (4).jpg,Normal,0,Normal_117,train
data/raw/brain_ct/Brain_Data_Organised/Normal/117 (5).jpg,Normal,0,Normal_117,train
data/raw/brain_ct/Brain_Data_Organised/Normal/117 (6).jpg,Normal,0,Normal_117,train
data/raw/brain_ct/Brain_Data_Organised/Normal/117 (7).jpg,Normal,0,Normal_117,train
data/raw/brain_ct/Brain_Data_Organised/Normal/117 (8).jpg,Normal,0,Normal_117,train
data/raw/brain_ct/Brain_Data_Organised/Normal/117 (9).jpg,Normal,0,Normal_117,train
data/raw/brain_ct/Brain_Data_Organised/Normal/117 (10).jpg,Normal,0,Normal_117,train
data/raw/brain_ct/Brain_Data_Organised/Normal/117 (11).jpg,Normal,0,Normal_117,train
data/raw/brain_ct/Brain_Data_Organised/Normal/117 (12).jpg,Normal,0,Normal_117,train
data/raw/brain_ct/Brain_Data_Organised/Normal/117 (13).jpg,Normal,0,Normal_117,train
data/raw/brain_ct/Brain_Data_Organised/Normal/117 (14).jpg,Normal,0,Normal_117,train
data/raw/brain_ct/Brain_Data_Organised/Normal/117 (15).jpg,Normal,0,Normal_117,train
data/raw/brain_ct/Brain_Data_Organised/Normal/117 (16).jpg,Normal,0,Normal_117,train
data/raw/brain_ct/Brain_Data_Organised/Normal/117 (17).jpg,Normal,0,Normal_117,train
data/raw/brain_ct/Brain_Data_Organised/Normal/117 (18).jpg,Normal,0,Normal_117,train
data/raw/brain_ct/Brain_Data_Organised/Normal/117 (19).jpg,Normal,0,Normal_117,train
data/raw/brain_ct/Brain_Data_Organised/Normal/117 (20).jpg,Normal,0,Normal_117,train
data/raw/brain_ct/Brain_Data_Organised/Normal/117 (21).jpg,Normal,0,Normal_117,train
data/raw/brain_ct/Brain_Data_Organised/Normal/117 (22).jpg,Normal,0,Normal_117,train
data/raw/brain_ct/Brain_Data_Organised/Normal/117 (23).jpg,Normal,0,Normal_117,train
data/raw/brain_ct/Brain_Data_Organised/Normal/117 (24).jpg,Normal,0,Normal_117,train
data/raw/brain_ct/Brain_Data_Organised/Normal/117 (25).jpg,Normal,0,Normal_117,train
data/raw/brain_ct/Brain_Data_Organised/Normal/117 (26).jpg,Normal,0,Normal_117,train
data/raw/brain_ct/Brain_Data_Organised/Normal/117 (27).jpg,Normal,0,Normal_117,train
data/raw/brain_ct/Brain_Data_Organised/Normal/117 (28).jpg,Normal,0,Normal_117,train
data/raw/brain_ct/Brain_Data_Organised/Normal/117 (29).jpg,Normal,0,Normal_117,train
data/raw/brain_ct/Brain_Data_Organised/Normal/119 (1).jpg,Normal,0,Normal_119,train
data/raw/brain_ct/Brain_Data_Organised/Normal/119 (2).jpg,Normal,0,Normal_119,train
data/raw/brain_ct/Brain_Data_Organised/Normal/119 (3).jpg,Normal,0,Normal_119,train
data/raw/brain_ct/Brain_Data_Organised/Normal/119 (4).jpg,Normal,0,Normal_119,train
data/raw/brain_ct/Brain_Data_Organised/Normal/119 (5).jpg,Normal,0,Normal_119,train
data/raw/brain_ct/Brain_Data_Organised/Normal/119 (6).jpg,Normal,0,Normal_119,train
data/raw/brain_ct/Brain_Data_Organised/Normal/119 (7).jpg,Normal,0,Normal_119,train
data/raw/brain_ct/Brain_Data_Organised/Normal/119 (8).jpg,Normal,0,Normal_119,train
data/raw/brain_ct/Brain_Data_Organised/Normal/119 (9).jpg,Normal,0,Normal_119,train
data/raw/brain_ct/Brain_Data_Organised/Normal/119 (10).jpg,Normal,0,Normal_119,train
data/raw/brain_ct/Brain_Data_Organised/Normal/119 (11).jpg,Normal,0,Normal_119,train
data/raw/brain_ct/Brain_Data_Organised/Normal/119 (12).jpg,Normal,0,Normal_119,train
data/raw/brain_ct/Brain_Data_Organised/Normal/119 (13).jpg,Normal,0,Normal_119,train
data/raw/brain_ct/Brain_Data_Organised/Normal/119 (14).jpg,Normal,0,Normal_119,train
data/raw/brain_ct/Brain_Data_Organised/Normal/119 (15).jpg,Normal,0,Normal_119,train
data/raw/brain_ct/Brain_Data_Organised/Normal/119 (16).jpg,Normal,0,Normal_119,train
data/raw/brain_ct/Brain_Data_Organised/Normal/119 (17).jpg,Normal,0,Normal_119,train
data/raw/brain_ct/Brain_Data_Organised/Normal/119 (18).jpg,Normal,0,Normal_119,train
data/raw/brain_ct/Brain_Data_Organised/Normal/119 (19).jpg,Normal,0,Normal_119,train
data/raw/brain_ct/Brain_Data_Organised/Normal/119 (20).jpg,Normal,0,Normal_119,train
data/raw/brain_ct/Brain_Data_Organised/Normal/119 (21).jpg,Normal,0,Normal_119,train
data/raw/brain_ct/Brain_Data_Organised/Normal/119 (22).jpg,Normal,0,Normal_119,train
data/raw/brain_ct/Brain_Data_Organised/Normal/119 (23).jpg,Normal,0,Normal_119,train
data/raw/brain_ct/Brain_Data_Organised/Normal/119 (24).jpg,Normal,0,Normal_119,train
data/raw/brain_ct/Brain_Data_Organised/Normal/119 (25).jpg,Normal,0,Normal_119,train
data/raw/brain_ct/Brain_Data_Organised/Normal/119 (26).jpg,Normal,0,Normal_119,train
data/raw/brain_ct/Brain_Data_Organised/Normal/119 (27).jpg,Normal,0,Normal_119,train
data/raw/brain_ct/Brain_Data_Organised/Normal/119 (28).jpg,Normal,0,Normal_119,train
data/raw/brain_ct/Brain_Data_Organised/Normal/119 (29).jpg,Normal,0,Normal_119,train
data/raw/brain_ct/Brain_Data_Organised/Normal/119 (30).jpg,Normal,0,Normal_119,train
data/raw/brain_ct/Brain_Data_Organised/Normal/119 (31).jpg,Normal,0,Normal_119,train
data/raw/brain_ct/Brain_Data_Organised/Normal/121 (1).jpg,Normal,0,Normal_121,train
data/raw/brain_ct/Brain_Data_Organised/Normal/121 (2).jpg,Normal,0,Normal_121,train
data/raw/brain_ct/Brain_Data_Organised/Normal/121 (3).jpg,Normal,0,Normal_121,train
data/raw/brain_ct/Brain_Data_Organised/Normal/121 (4).jpg,Normal,0,Normal_121,train
data/raw/brain_ct/Brain_Data_Organised/Normal/121 (5).jpg,Normal,0,Normal_121,train
data/raw/brain_ct/Brain_Data_Organised/Normal/121 (6).jpg,Normal,0,Normal_121,train
data/raw/brain_ct/Brain_Data_Organised/Normal/121 (7).jpg,Normal,0,Normal_121,train
data/raw/brain_ct/Brain_Data_Organised/Normal/121 (8).jpg,Normal,0,Normal_121,train
data/raw/brain_ct/Brain_Data_Organised/Normal/121 (9).jpg,Normal,0,Normal_121,train
data/raw/brain_ct/Brain_Data_Organised/Normal/121 (10).jpg,Normal,0,Normal_121,train
data/raw/brain_ct/Brain_Data_Organised/Normal/121 (11).jpg,Normal,0,Normal_121,train
data/raw/brain_ct/Brain_Data_Organised/Normal/121 (12).jpg,Normal,0,Normal_121,train
data/raw/brain_ct/Brain_Data_Organised/Normal/121 (13).jpg,Normal,0,Normal_121,train
data/raw/brain_ct/Brain_Data_Organised/Normal/121 (14).jpg,Normal,0,Normal_121,train
data/raw/brain_ct/Brain_Data_Organised/Normal/121 (15).jpg,Normal,0,Normal_121,train
data/raw/brain_ct/Brain_Data_Organised/Normal/121 (16).jpg,Normal,0,Normal_121,train
data/raw/brain_ct/Brain_Data_Organised/Normal/121 (17).jpg,Normal,0,Normal_121,train
data/raw/brain_ct/Brain_Data_Organised/Normal/121 (18).jpg,Normal,0,Normal_121,train
data/raw/brain_ct/Brain_Data_Organised/Normal/121 (19).jpg,Normal,0,Normal_121,train
data/raw/brain_ct/Brain_Data_Organised/Normal/121 (20).jpg,Normal,0,Normal_121,train
data/raw/brain_ct/Brain_Data_Organised/Normal/121 (21).jpg,Normal,0,Normal_121,train
data/raw/brain_ct/Brain_Data_Organised/Normal/121 (22).jpg,Normal,0,Normal_121,train
data/raw/brain_ct/Brain_Data_Organised/Normal/121 (23).jpg,Normal,0,Normal_121,train
data/raw/brain_ct/Brain_Data_Organised/Normal/121 (24).jpg,Normal,0,Normal_121,train
data/raw/brain_ct/Brain_Data_Organised/Normal/121 (25).jpg,Normal,0,Normal_121,train
data/raw/brain_ct/Brain_Data_Organised/Normal/121 (26).jpg,Normal,0,Normal_121,train
data/raw/brain_ct/Brain_Data_Organised/Normal/121 (27).jpg,Normal,0,Normal_121,train
data/raw/brain_ct/Brain_Data_Organised/Normal/121 (28).jpg,Normal,0,Normal_121,train
data/raw/brain_ct/Brain_Data_Organised/Normal/121 (29).jpg,Normal,0,Normal_121,train
data/raw/brain_ct/Brain_Data_Organised/Normal/121 (30).jpg,Normal,0,Normal_121,train
data/raw/brain_ct/Brain_Data_Organised/Normal/123 (1).jpg,Normal,0,Normal_123,train
data/raw/brain_ct/Brain_Data_Organised/Normal/123 (2).jpg,Normal,0,Normal_123,train
data/raw/brain_ct/Brain_Data_Organised/Normal/123 (3).jpg,Normal,0,Normal_123,train
data/raw/brain_ct/Brain_Data_Organised/Normal/123 (4).jpg,Normal,0,Normal_123,train
data/raw/brain_ct/Brain_Data_Organised/Normal/123 (5).jpg,Normal,0,Normal_123,train
data/raw/brain_ct/Brain_Data_Organised/Normal/123 (6).jpg,Normal,0,Normal_123,train
data/raw/brain_ct/Brain_Data_Organised/Normal/123 (7).jpg,Normal,0,Normal_123,train
data/raw/brain_ct/Brain_Data_Organised/Normal/123 (8).jpg,Normal,0,Normal_123,train
data/raw/brain_ct/Brain_Data_Organised/Normal/123 (9).jpg,Normal,0,Normal_123,train
data/raw/brain_ct/Brain_Data_Organised/Normal/123 (10).jpg,Normal,0,Normal_123,train
data/raw/brain_ct/Brain_Data_Organised/Normal/123 (11).jpg,Normal,0,Normal_123,train
data/raw/brain_ct/Brain_Data_Organised/Normal/123 (12).jpg,Normal,0,Normal_123,train
data/raw/brain_ct/Brain_Data_Organised/Normal/123 (13).jpg,Normal,0,Normal_123,train
data/raw/brain_ct/Brain_Data_Organised/Normal/123 (14).jpg,Normal,0,Normal_123,train
data/raw/brain_ct/Brain_Data_Organised/Normal/123 (15).jpg,Normal,0,Normal_123,train
data/raw/brain_ct/Brain_Data_Organised/Normal/123 (16).jpg,Normal,0,Normal_123,train
data/raw/brain_ct/Brain_Data_Organised/Normal/123 (17).jpg,Normal,0,Normal_123,train
data/raw/brain_ct/Brain_Data_Organised/Normal/123 (18).jpg,Normal,0,Normal_123,train
data/raw/brain_ct/Brain_Data_Organised/Normal/123 (19).jpg,Normal,0,Normal_123,train
data/raw/brain_ct/Brain_Data_Organised/Normal/123 (20).jpg,Normal,0,Normal_123,train
data/raw/brain_ct/Brain_Data_Organised/Normal/123 (21).jpg,Normal,0,Normal_123,train
data/raw/brain_ct/Brain_Data_Organised/Normal/123 (22).jpg,Normal,0,Normal_123,train
data/raw/brain_ct/Brain_Data_Organised/Normal/123 (23).jpg,Normal,0,Normal_123,train
data/raw/brain_ct/Brain_Data_Organised/Normal/123 (24).jpg,Normal,0,Normal_123,train
data/raw/brain_ct/Brain_Data_Organised/Normal/123 (25).jpg,Normal,0,Normal_123,train
data/raw/brain_ct/Brain_Data_Organised/Normal/123 (26).jpg,Normal,0,Normal_123,train
data/raw/brain_ct/Brain_Data_Organised/Normal/123 (27).jpg,Normal,0,Normal_123,train
data/raw/brain_ct/Brain_Data_Organised/Normal/123 (28).jpg,Normal,0,Normal_123,train
data/raw/brain_ct/Brain_Data_Organised/Normal/123 (29).jpg,Normal,0,Normal_123,train
data/raw/brain_ct/Brain_Data_Organised/Normal/123 (30).jpg,Normal,0,Normal_123,train
data/raw/brain_ct/Brain_Data_Organised/Normal/123 (31).jpg,Normal,0,Normal_123,train
data/raw/brain_ct/Brain_Data_Organised/Normal/123 (32).jpg,Normal,0,Normal_123,train
data/raw/brain_ct/Brain_Data_Organised/Normal/123 (33).jpg,Normal,0,Normal_123,train
data/raw/brain_ct/Brain_Data_Organised/Normal/123 (34).jpg,Normal,0,Normal_123,train
data/raw/brain_ct/Brain_Data_Organised/Normal/123 (35).jpg,Normal,0,Normal_123,train
data/raw/brain_ct/Brain_Data_Organised/Normal/123 (36).jpg,Normal,0,Normal_123,train
data/raw/brain_ct/Brain_Data_Organised/Normal/123 (37).jpg,Normal,0,Normal_123,train
data/raw/brain_ct/Brain_Data_Organised/Normal/123 (38).jpg,Normal,0,Normal_123,train
data/raw/brain_ct/Brain_Data_Organised/Normal/123 (39).jpg,Normal,0,Normal_123,train
data/raw/brain_ct/Brain_Data_Organised/Normal/126 (1).jpg,Normal,0,Normal_126,train
data/raw/brain_ct/Brain_Data_Organised/Normal/126 (2).jpg,Normal,0,Normal_126,train
data/raw/brain_ct/Brain_Data_Organised/Normal/126 (3).jpg,Normal,0,Normal_126,train
data/raw/brain_ct/Brain_Data_Organised/Normal/126 (4).jpg,Normal,0,Normal_126,train
data/raw/brain_ct/Brain_Data_Organised/Normal/126 (5).jpg,Normal,0,Normal_126,train
data/raw/brain_ct/Brain_Data_Organised/Normal/126 (6).jpg,Normal,0,Normal_126,train
data/raw/brain_ct/Brain_Data_Organised/Normal/126 (7).jpg,Normal,0,Normal_126,train
data/raw/brain_ct/Brain_Data_Organised/Normal/126 (8).jpg,Normal,0,Normal_126,train
data/raw/brain_ct/Brain_Data_Organised/Normal/126 (9).jpg,Normal,0,Normal_126,train
data/raw/brain_ct/Brain_Data_Organised/Normal/126 (10).jpg,Normal,0,Normal_126,train
data/raw/brain_ct/Brain_Data_Organised/Normal/126 (11).jpg,Normal,0,Normal_126,train
data/raw/brain_ct/Brain_Data_Organised/Normal/126 (12).jpg,Normal,0,Normal_126,train
data/raw/brain_ct/Brain_Data_Organised/Normal/126 (13).jpg,Normal,0,Normal_126,train
data/raw/brain_ct/Brain_Data_Organised/Normal/126 (14).jpg,Normal,0,Normal_126,train
data/raw/brain_ct/Brain_Data_Organised/Normal/126 (15).jpg,Normal,0,Normal_126,train
data/raw/brain_ct/Brain_Data_Organised/Normal/126 (16).jpg,Normal,0,Normal_126,train
data/raw/brain_ct/Brain_Data_Organised/Normal/126 (17).jpg,Normal,0,Normal_126,train
data/raw/brain_ct/Brain_Data_Organised/Normal/126 (18).jpg,Normal,0,Normal_126,train
data/raw/brain_ct/Brain_Data_Organised/Normal/126 (19).jpg,Normal,0,Normal_126,train
data/raw/brain_ct/Brain_Data_Organised/Normal/126 (20).jpg,Normal,0,Normal_126,train
data/raw/brain_ct/Brain_Data_Organised/Normal/126 (21).jpg,Normal,0,Normal_126,train
data/raw/brain_ct/Brain_Data_Organised/Normal/126 (22).jpg,Normal,0,Normal_126,train
data/raw/brain_ct/Brain_Data_Organised/Normal/126 (23).jpg,Normal,0,Normal_126,train
data/raw/brain_ct/Brain_Data_Organised/Normal/126 (24).jpg,Normal,0,Normal_126,train
data/raw/brain_ct/Brain_Data_Organised/Normal/126 (25).jpg,Normal,0,Normal_126,train
data/raw/brain_ct/Brain_Data_Organised/Normal/126 (26).jpg,Normal,0,Normal_126,train
data/raw/brain_ct/Brain_Data_Organised/Normal/126 (27).jpg,Normal,0,Normal_126,train
data/raw/brain_ct/Brain_Data_Organised/Normal/126 (28).jpg,Normal,0,Normal_126,train
data/raw/brain_ct/Brain_Data_Organised/Normal/126 (29).jpg,Normal,0,Normal_126,train
data/raw/brain_ct/Brain_Data_Organised/Normal/126 (30).jpg,Normal,0,Normal_126,train
data/raw/brain_ct/Brain_Data_Organised/Normal/127 (1).jpg,Normal,0,Normal_127,train
data/raw/brain_ct/Brain_Data_Organised/Normal/127 (2).jpg,Normal,0,Normal_127,train
data/raw/brain_ct/Brain_Data_Organised/Normal/127 (3).jpg,Normal,0,Normal_127,train
data/raw/brain_ct/Brain_Data_Organised/Normal/127 (4).jpg,Normal,0,Normal_127,train
data/raw/brain_ct/Brain_Data_Organised/Normal/127 (5).jpg,Normal,0,Normal_127,train
data/raw/brain_ct/Brain_Data_Organised/Normal/127 (6).jpg,Normal,0,Normal_127,train
data/raw/brain_ct/Brain_Data_Organised/Normal/127 (7).jpg,Normal,0,Normal_127,train
data/raw/brain_ct/Brain_Data_Organised/Normal/127 (8).jpg,Normal,0,Normal_127,train
data/raw/brain_ct/Brain_Data_Organised/Normal/127 (9).jpg,Normal,0,Normal_127,train
data/raw/brain_ct/Brain_Data_Organised/Normal/127 (10).jpg,Normal,0,Normal_127,train
data/raw/brain_ct/Brain_Data_Organised/Normal/127 (11).jpg,Normal,0,Normal_127,train
data/raw/brain_ct/Brain_Data_Organised/Normal/127 (12).jpg,Normal,0,Normal_127,train
data/raw/brain_ct/Brain_Data_Organised/Normal/127 (13).jpg,Normal,0,Normal_127,train
data/raw/brain_ct/Brain_Data_Organised/Normal/127 (14).jpg,Normal,0,Normal_127,train
data/raw/brain_ct/Brain_Data_Organised/Normal/127 (15).jpg,Normal,0,Normal_127,train
data/raw/brain_ct/Brain_Data_Organised/Normal/127 (16).jpg,Normal,0,Normal_127,train
data/raw/brain_ct/Brain_Data_Organised/Normal/127 (17).jpg,Normal,0,Normal_127,train
data/raw/brain_ct/Brain_Data_Organised/Normal/127 (18).jpg,Normal,0,Normal_127,train
data/raw/brain_ct/Brain_Data_Organised/Normal/127 (19).jpg,Normal,0,Normal_127,train
data/raw/brain_ct/Brain_Data_Organised/Normal/127 (20).jpg,Normal,0,Normal_127,train
data/raw/brain_ct/Brain_Data_Organised/Normal/127 (21).jpg,Normal,0,Normal_127,train
data/raw/brain_ct/Brain_Data_Organised/Normal/127 (22).jpg,Normal,0,Normal_127,train
data/raw/brain_ct/Brain_Data_Organised/Normal/127 (23).jpg,Normal,0,Normal_127,train
data/raw/brain_ct/Brain_Data_Organised/Normal/127 (24).jpg,Normal,0,Normal_127,train
data/raw/brain_ct/Brain_Data_Organised/Normal/127 (25).jpg,Normal,0,Normal_127,train
data/raw/brain_ct/Brain_Data_Organised/Normal/127 (26).jpg,Normal,0,Normal_127,train
data/raw/brain_ct/Brain_Data_Organised/Normal/127 (27).jpg,Normal,0,Normal_127,train
data/raw/brain_ct/Brain_Data_Organised/Normal/127 (28).jpg,Normal,0,Normal_127,train
data/raw/brain_ct/Brain_Data_Organised/Normal/127 (29).jpg,Normal,0,Normal_127,train
data/raw/brain_ct/Brain_Data_Organised/Normal/127 (30).jpg,Normal,0,Normal_127,train
data/raw/brain_ct/Brain_Data_Organised/Normal/127 (31).jpg,Normal,0,Normal_127,train
data/raw/brain_ct/Brain_Data_Organised/Normal/127 (32).jpg,Normal,0,Normal_127,train
data/raw/brain_ct/Brain_Data_Organised/Normal/129 (1).jpg,Normal,0,Normal_129,train
data/raw/brain_ct/Brain_Data_Organised/Normal/129 (2).jpg,Normal,0,Normal_129,train
data/raw/brain_ct/Brain_Data_Organised/Normal/129 (3).jpg,Normal,0,Normal_129,train
data/raw/brain_ct/Brain_Data_Organised/Normal/129 (4).jpg,Normal,0,Normal_129,train
data/raw/brain_ct/Brain_Data_Organised/Normal/129 (5).jpg,Normal,0,Normal_129,train
data/raw/brain_ct/Brain_Data_Organised/Normal/129 (6).jpg,Normal,0,Normal_129,train
data/raw/brain_ct/Brain_Data_Organised/Normal/129 (7).jpg,Normal,0,Normal_129,train
data/raw/brain_ct/Brain_Data_Organised/Normal/129 (8).jpg,Normal,0,Normal_129,train
data/raw/brain_ct/Brain_Data_Organised/Normal/129 (9).jpg,Normal,0,Normal_129,train
data/raw/brain_ct/Brain_Data_Organised/Normal/129 (10).jpg,Normal,0,Normal_129,train
data/raw/brain_ct/Brain_Data_Organised/Normal/129 (11).jpg,Normal,0,Normal_129,train
data/raw/brain_ct/Brain_Data_Organised/Normal/129 (12).jpg,Normal,0,Normal_129,train
data/raw/brain_ct/Brain_Data_Organised/Normal/129 (13).jpg,Normal,0,Normal_129,train
data/raw/brain_ct/Brain_Data_Organised/Normal/129 (14).jpg,Normal,0,Normal_129,train
data/raw/brain_ct/Brain_Data_Organised/Normal/129 (15).jpg,Normal,0,Normal_129,train
data/raw/brain_ct/Brain_Data_Organised/Normal/129 (16).jpg,Normal,0,Normal_129,train
data/raw/brain_ct/Brain_Data_Organised/Normal/129 (17).jpg,Normal,0,Normal_129,train
data/raw/brain_ct/Brain_Data_Organised/Normal/129 (18).jpg,Normal,0,Normal_129,train
data/raw/brain_ct/Brain_Data_Organised/Normal/129 (19).jpg,Normal,0,Normal_129,train
data/raw/brain_ct/Brain_Data_Organised/Normal/129 (20).jpg,Normal,0,Normal_129,train
data/raw/brain_ct/Brain_Data_Organised/Normal/129 (21).jpg,Normal,0,Normal_129,train
data/raw/brain_ct/Brain_Data_Organised/Normal/129 (22).jpg,Normal,0,Normal_129,train
data/raw/brain_ct/Brain_Data_Organised/Normal/129 (23).jpg,Normal,0,Normal_129,train
data/raw/brain_ct/Brain_Data_Organised/Normal/129 (24).jpg,Normal,0,Normal_129,train
data/raw/brain_ct/Brain_Data_Organised/Normal/129 (25).jpg,Normal,0,Normal_129,train
data/raw/brain_ct/Brain_Data_Organised/Normal/129 (26).jpg,Normal,0,Normal_129,train
data/raw/brain_ct/Brain_Data_Organised/Normal/129 (27).jpg,Normal,0,Normal_129,train
data/raw/brain_ct/Brain_Data_Organised/Normal/129 (28).jpg,Normal,0,Normal_129,train
data/raw/brain_ct/Brain_Data_Organised/Normal/129 (29).jpg,Normal,0,Normal_129,train
data/raw/brain_ct/Brain_Data_Organised/Normal/129 (30).jpg,Normal,0,Normal_129,train
data/raw/brain_ct/Brain_Data_Organised/Normal/130 (1).jpg,Normal,0,Normal_130,train
data/raw/brain_ct/Brain_Data_Organised/Normal/130 (2).jpg,Normal,0,Normal_130,train
data/raw/brain_ct/Brain_Data_Organised/Normal/130 (3).jpg,Normal,0,Normal_130,train
data/raw/brain_ct/Brain_Data_Organised/Normal/130 (4).jpg,Normal,0,Normal_130,train
data/raw/brain_ct/Brain_Data_Organised/Normal/130 (5).jpg,Normal,0,Normal_130,train
data/raw/brain_ct/Brain_Data_Organised/Normal/130 (6).jpg,Normal,0,Normal_130,train
data/raw/brain_ct/Brain_Data_Organised/Normal/130 (7).jpg,Normal,0,Normal_130,train
data/raw/brain_ct/Brain_Data_Organised/Normal/130 (8).jpg,Normal,0,Normal_130,train
data/raw/brain_ct/Brain_Data_Organised/Normal/130 (9).jpg,Normal,0,Normal_130,train
data/raw/brain_ct/Brain_Data_Organised/Normal/130 (10).jpg,Normal,0,Normal_130,train
data/raw/brain_ct/Brain_Data_Organised/Normal/130 (11).jpg,Normal,0,Normal_130,train
data/raw/brain_ct/Brain_Data_Organised/Normal/130 (12).jpg,Normal,0,Normal_130,train
data/raw/brain_ct/Brain_Data_Organised/Normal/130 (13).jpg,Normal,0,Normal_130,train
data/raw/brain_ct/Brain_Data_Organised/Normal/130 (14).jpg,Normal,0,Normal_130,train
data/raw/brain_ct/Brain_Data_Organised/Normal/130 (15).jpg,Normal,0,Normal_130,train
data/raw/brain_ct/Brain_Data_Organised/Normal/130 (16).jpg,Normal,0,Normal_130,train
data/raw/brain_ct/Brain_Data_Organised/Normal/130 (17).jpg,Normal,0,Normal_130,train
data/raw/brain_ct/Brain_Data_Organised/Normal/130 (18).jpg,Normal,0,Normal_130,train
data/raw/brain_ct/Brain_Data_Organised/Normal/130 (19).jpg,Normal,0,Normal_130,train
data/raw/brain_ct/Brain_Data_Organised/Normal/130 (20).jpg,Normal,0,Normal_130,train
data/raw/brain_ct/Brain_Data_Organised/Normal/130 (21).jpg,Normal,0,Normal_130,train
data/raw/brain_ct/Brain_Data_Organised/Normal/130 (22).jpg,Normal,0,Normal_130,train
data/raw/brain_ct/Brain_Data_Organised/Normal/130 (23).jpg,Normal,0,Normal_130,train
data/raw/brain_ct/Brain_Data_Organised/Normal/130 (24).jpg,Normal,0,Normal_130,train
data/raw/brain_ct/Brain_Data_Organised/Normal/130 (25).jpg,Normal,0,Normal_130,train
data/raw/brain_ct/Brain_Data_Organised/Normal/130 (26).jpg,Normal,0,Normal_130,train
data/raw/brain_ct/Brain_Data_Organised/Normal/130 (27).jpg,Normal,0,Normal_130,train
data/raw/brain_ct/Brain_Data_Organised/Normal/130 (28).jpg,Normal,0,Normal_130,train
data/raw/brain_ct/Brain_Data_Organised/Normal/130 (29).jpg,Normal,0,Normal_130,train
data/raw/brain_ct/Brain_Data_Organised/Normal/130 (30).jpg,Normal,0,Normal_130,train
data/raw/brain_ct/Brain_Data_Organised/Normal/130 (31).jpg,Normal,0,Normal_130,train
data/raw/brain_ct/Brain_Data_Organised/Normal/49 (1).jpg,Normal,0,Normal_49,train
data/raw/brain_ct/Brain_Data_Organised/Normal/49 (2).jpg,Normal,0,Normal_49,train
data/raw/brain_ct/Brain_Data_Organised/Normal/49 (3).jpg,Normal,0,Normal_49,train
data/raw/brain_ct/Brain_Data_Organised/Normal/49 (4).jpg,Normal,0,Normal_49,train
data/raw/brain_ct/Brain_Data_Organised/Normal/49 (5).jpg,Normal,0,Normal_49,train
data/raw/brain_ct/Brain_Data_Organised/Normal/49 (6).jpg,Normal,0,Normal_49,train
data/raw/brain_ct/Brain_Data_Organised/Normal/49 (7).jpg,Normal,0,Normal_49,train
data/raw/brain_ct/Brain_Data_Organised/Normal/49 (8).jpg,Normal,0,Normal_49,train
data/raw/brain_ct/Brain_Data_Organised/Normal/49 (9).jpg,Normal,0,Normal_49,train
data/raw/brain_ct/Brain_Data_Organised/Normal/49 (10).jpg,Normal,0,Normal_49,train
data/raw/brain_ct/Brain_Data_Organised/Normal/49 (11).jpg,Normal,0,Normal_49,train
data/raw/brain_ct/Brain_Data_Organised/Normal/49 (12).jpg,Normal,0,Normal_49,train
data/raw/brain_ct/Brain_Data_Organised/Normal/49 (13).jpg,Normal,0,Normal_49,train
data/raw/brain_ct/Brain_Data_Organised/Normal/49 (14).jpg,Normal,0,Normal_49,train
data/raw/brain_ct/Brain_Data_Organised/Normal/49 (15).jpg,Normal,0,Normal_49,train
data/raw/brain_ct/Brain_Data_Organised/Normal/49 (16).jpg,Normal,0,Normal_49,train
data/raw/brain_ct/Brain_Data_Organised/Normal/49 (17).jpg,Normal,0,Normal_49,train
data/raw/brain_ct/Brain_Data_Organised/Normal/49 (18).jpg,Normal,0,Normal_49,train
data/raw/brain_ct/Brain_Data_Organised/Normal/49 (19).jpg,Normal,0,Normal_49,train
data/raw/brain_ct/Brain_Data_Organised/Normal/49 (20).jpg,Normal,0,Normal_49,train
data/raw/brain_ct/Brain_Data_Organised/Normal/49 (21).jpg,Normal,0,Normal_49,train
data/raw/brain_ct/Brain_Data_Organised/Normal/49 (22).jpg,Normal,0,Normal_49,train
data/raw/brain_ct/Brain_Data_Organised/Normal/49 (23).jpg,Normal,0,Normal_49,train
data/raw/brain_ct/Brain_Data_Organised/Normal/49 (24).jpg,Normal,0,Normal_49,train
data/raw/brain_ct/Brain_Data_Organised/Normal/49 (25).jpg,Normal,0,Normal_49,train
data/raw/brain_ct/Brain_Data_Organised/Normal/49 (26).jpg,Normal,0,Normal_49,train
data/raw/brain_ct/Brain_Data_Organised/Normal/49 (27).jpg,Normal,0,Normal_49,train
data/raw/brain_ct/Brain_Data_Organised/Normal/49 (28).jpg,Normal,0,Normal_49,train
data/raw/brain_ct/Brain_Data_Organised/Normal/49 (29).jpg,Normal,0,Normal_49,train
data/raw/brain_ct/Brain_Data_Organised/Normal/49 (30).jpg,Normal,0,Normal_49,train
data/raw/brain_ct/Brain_Data_Organised/Normal/49 (31).jpg,Normal,0,Normal_49,train
data/raw/brain_ct/Brain_Data_Organised/Normal/49 (32).jpg,Normal,0,Normal_49,train
data/raw/brain_ct/Brain_Data_Organised/Normal/49 (33).jpg,Normal,0,Normal_49,train
data/raw/brain_ct/Brain_Data_Organised/Normal/50 (1).jpg,Normal,0,Normal_50,train
data/raw/brain_ct/Brain_Data_Organised/Normal/50 (2).jpg,Normal,0,Normal_50,train
data/raw/brain_ct/Brain_Data_Organised/Normal/50 (3).jpg,Normal,0,Normal_50,train
data/raw/brain_ct/Brain_Data_Organised/Normal/50 (4).jpg,Normal,0,Normal_50,train
data/raw/brain_ct/Brain_Data_Organised/Normal/50 (5).jpg,Normal,0,Normal_50,train
data/raw/brain_ct/Brain_Data_Organised/Normal/50 (6).jpg,Normal,0,Normal_50,train
data/raw/brain_ct/Brain_Data_Organised/Normal/50 (7).jpg,Normal,0,Normal_50,train
data/raw/brain_ct/Brain_Data_Organised/Normal/50 (8).jpg,Normal,0,Normal_50,train
data/raw/brain_ct/Brain_Data_Organised/Normal/50 (9).jpg,Normal,0,Normal_50,train
data/raw/brain_ct/Brain_Data_Organised/Normal/50 (10).jpg,Normal,0,Normal_50,train
data/raw/brain_ct/Brain_Data_Organised/Normal/50 (11).jpg,Normal,0,Normal_50,train
data/raw/brain_ct/Brain_Data_Organised/Normal/50 (12).jpg,Normal,0,Normal_50,train
data/raw/brain_ct/Brain_Data_Organised/Normal/50 (14).jpg,Normal,0,Normal_50,train
data/raw/brain_ct/Brain_Data_Organised/Normal/50 (16).jpg,Normal,0,Normal_50,train
data/raw/brain_ct/Brain_Data_Organised/Normal/50 (18).jpg,Normal,0,Normal_50,train
data/raw/brain_ct/Brain_Data_Organised/Normal/50 (20).jpg,Normal,0,Normal_50,train
data/raw/brain_ct/Brain_Data_Organised/Normal/50 (22).jpg,Normal,0,Normal_50,train
data/raw/brain_ct/Brain_Data_Organised/Normal/50 (24).jpg,Normal,0,Normal_50,train
data/raw/brain_ct/Brain_Data_Organised/Normal/50 (26).jpg,Normal,0,Normal_50,train
data/raw/brain_ct/Brain_Data_Organised/Normal/50 (28).jpg,Normal,0,Normal_50,train
data/raw/brain_ct/Brain_Data_Organised/Normal/50 (30).jpg,Normal,0,Normal_50,train
data/raw/brain_ct/Brain_Data_Organised/Normal/50 (32).jpg,Normal,0,Normal_50,train
data/raw/brain_ct/Brain_Data_Organised/Normal/50 (34).jpg,Normal,0,Normal_50,train
data/raw/brain_ct/Brain_Data_Organised/Normal/50 (36).jpg,Normal,0,Normal_50,train
data/raw/brain_ct/Brain_Data_Organised/Normal/50 (37).jpg,Normal,0,Normal_50,train
data/raw/brain_ct/Brain_Data_Organised/Normal/50 (38).jpg,Normal,0,Normal_50,train
data/raw/brain_ct/Brain_Data_Organised/Normal/51 (1).jpg,Normal,0,Normal_51,train
data/raw/brain_ct/Brain_Data_Organised/Normal/51 (2).jpg,Normal,0,Normal_51,train
data/raw/brain_ct/Brain_Data_Organised/Normal/51 (3).jpg,Normal,0,Normal_51,train
data/raw/brain_ct/Brain_Data_Organised/Normal/51 (4).jpg,Normal,0,Normal_51,train
data/raw/brain_ct/Brain_Data_Organised/Normal/51 (5).jpg,Normal,0,Normal_51,train
data/raw/brain_ct/Brain_Data_Organised/Normal/51 (6).jpg,Normal,0,Normal_51,train
data/raw/brain_ct/Brain_Data_Organised/Normal/51 (7).jpg,Normal,0,Normal_51,train
data/raw/brain_ct/Brain_Data_Organised/Normal/51 (8).jpg,Normal,0,Normal_51,train
data/raw/brain_ct/Brain_Data_Organised/Normal/51 (9).jpg,Normal,0,Normal_51,train
data/raw/brain_ct/Brain_Data_Organised/Normal/51 (10).jpg,Normal,0,Normal_51,train
data/raw/brain_ct/Brain_Data_Organised/Normal/51 (11).jpg,Normal,0,Normal_51,train
data/raw/brain_ct/Brain_Data_Organised/Normal/51 (12).jpg,Normal,0,Normal_51,train
data/raw/brain_ct/Brain_Data_Organised/Normal/51 (13).jpg,Normal,0,Normal_51,train
data/raw/brain_ct/Brain_Data_Organised/Normal/51 (14).jpg,Normal,0,Normal_51,train
data/raw/brain_ct/Brain_Data_Organised/Normal/51 (16).jpg,Normal,0,Normal_51,train
data/raw/brain_ct/Brain_Data_Organised/Normal/51 (18).jpg,Normal,0,Normal_51,train
data/raw/brain_ct/Brain_Data_Organised/Normal/51 (20).jpg,Normal,0,Normal_51,train
data/raw/brain_ct/Brain_Data_Organised/Normal/51 (22).jpg,Normal,0,Normal_51,train
data/raw/brain_ct/Brain_Data_Organised/Normal/51 (24).jpg,Normal,0,Normal_51,train
data/raw/brain_ct/Brain_Data_Organised/Normal/51 (26).jpg,Normal,0,Normal_51,train
data/raw/brain_ct/Brain_Data_Organised/Normal/51 (28).jpg,Normal,0,Normal_51,train
data/raw/brain_ct/Brain_Data_Organised/Normal/51 (30).jpg,Normal,0,Normal_51,train
data/raw/brain_ct/Brain_Data_Organised/Normal/51 (32).jpg,Normal,0,Normal_51,train
data/raw/brain_ct/Brain_Data_Organised/Normal/51 (34).jpg,Normal,0,Normal_51,train
data/raw/brain_ct/Brain_Data_Organised/Normal/51 (36).jpg,Normal,0,Normal_51,train
data/raw/brain_ct/Brain_Data_Organised/Normal/51 (38).jpg,Normal,0,Normal_51,train
data/raw/brain_ct/Brain_Data_Organised/Normal/51 (40).jpg,Normal,0,Normal_51,train
data/raw/brain_ct/Brain_Data_Organised/Normal/51 (42).jpg,Normal,0,Normal_51,train
data/raw/brain_ct/Brain_Data_Organised/Normal/51 (44).jpg,Normal,0,Normal_51,train
data/raw/brain_ct/Brain_Data_Organised/Normal/51 (46).jpg,Normal,0,Normal_51,train
data/raw/brain_ct/Brain_Data_Organised/Normal/51 (48).jpg,Normal,0,Normal_51,train
data/raw/brain_ct/Brain_Data_Organised/Normal/51 (50).jpg,Normal,0,Normal_51,train
data/raw/brain_ct/Brain_Data_Organised/Normal/52 (1).jpg,Normal,0,Normal_52,train
data/raw/brain_ct/Brain_Data_Organised/Normal/52 (2).jpg,Normal,0,Normal_52,train
data/raw/brain_ct/Brain_Data_Organised/Normal/52 (3).jpg,Normal,0,Normal_52,train
data/raw/brain_ct/Brain_Data_Organised/Normal/52 (4).jpg,Normal,0,Normal_52,train
data/raw/brain_ct/Brain_Data_Organised/Normal/52 (5).jpg,Normal,0,Normal_52,train
data/raw/brain_ct/Brain_Data_Organised/Normal/52 (6).jpg,Normal,0,Normal_52,train
data/raw/brain_ct/Brain_Data_Organised/Normal/52 (7).jpg,Normal,0,Normal_52,train
data/raw/brain_ct/Brain_Data_Organised/Normal/52 (8).jpg,Normal,0,Normal_52,train
data/raw/brain_ct/Brain_Data_Organised/Normal/52 (9).jpg,Normal,0,Normal_52,train
data/raw/brain_ct/Brain_Data_Organised/Normal/52 (10).jpg,Normal,0,Normal_52,train
data/raw/brain_ct/Brain_Data_Organised/Normal/52 (11).jpg,Normal,0,Normal_52,train
data/raw/brain_ct/Brain_Data_Organised/Normal/52 (13).jpg,Normal,0,Normal_52,train
data/raw/brain_ct/Brain_Data_Organised/Normal/52 (15).jpg,Normal,0,Normal_52,train
data/raw/brain_ct/Brain_Data_Organised/Normal/52 (17).jpg,Normal,0,Normal_52,train
data/raw/brain_ct/Brain_Data_Organised/Normal/52 (19).jpg,Normal,0,Normal_52,train
data/raw/brain_ct/Brain_Data_Organised/Normal/52 (21).jpg,Normal,0,Normal_52,train
data/raw/brain_ct/Brain_Data_Organised/Normal/52 (23).jpg,Normal,0,Normal_52,train
data/raw/brain_ct/Brain_Data_Organised/Normal/52 (25).jpg,Normal,0,Normal_52,train
data/raw/brain_ct/Brain_Data_Organised/Normal/52 (27).jpg,Normal,0,Normal_52,train
data/raw/brain_ct/Brain_Data_Organised/Normal/52 (29).jpg,Normal,0,Normal_52,train
data/raw/brain_ct/Brain_Data_Organised/Normal/52 (30).jpg,Normal,0,Normal_52,train
data/raw/brain_ct/Brain_Data_Organised/Normal/52 (31).jpg,Normal,0,Normal_52,train
data/raw/brain_ct/Brain_Data_Organised/Normal/52 (32).jpg,Normal,0,Normal_52,train
data/raw/brain_ct/Brain_Data_Organised/Normal/52 (33).jpg,Normal,0,Normal_52,train
data/raw/brain_ct/Brain_Data_Organised/Normal/52 (34).jpg,Normal,0,Normal_52,train
data/raw/brain_ct/Brain_Data_Organised/Normal/52 (35).jpg,Normal,0,Normal_52,train
data/raw/brain_ct/Brain_Data_Organised/Normal/52 (36).jpg,Normal,0,Normal_52,train
data/raw/brain_ct/Brain_Data_Organised/Normal/52 (37).jpg,Normal,0,Normal_52,train
data/raw/brain_ct/Brain_Data_Organised/Normal/52 (38).jpg,Normal,0,Normal_52,train
data/raw/brain_ct/Brain_Data_Organised/Normal/52 (39).jpg,Normal,0,Normal_52,train
data/raw/brain_ct/Brain_Data_Organised/Normal/55 (1).jpg,Normal,0,Normal_55,train
data/raw/brain_ct/Brain_Data_Organised/Normal/55 (2).jpg,Normal,0,Normal_55,train
data/raw/brain_ct/Brain_Data_Organised/Normal/55 (3).jpg,Normal,0,Normal_55,train
data/raw/brain_ct/Brain_Data_Organised/Normal/55 (4).jpg,Normal,0,Normal_55,train
data/raw/brain_ct/Brain_Data_Organised/Normal/55 (5).jpg,Normal,0,Normal_55,train
data/raw/brain_ct/Brain_Data_Organised/Normal/55 (6).jpg,Normal,0,Normal_55,train
data/raw/brain_ct/Brain_Data_Organised/Normal/55 (7).jpg,Normal,0,Normal_55,train
data/raw/brain_ct/Brain_Data_Organised/Normal/55 (8).jpg,Normal,0,Normal_55,train
data/raw/brain_ct/Brain_Data_Organised/Normal/55 (9).jpg,Normal,0,Normal_55,train
data/raw/brain_ct/Brain_Data_Organised/Normal/55 (10).jpg,Normal,0,Normal_55,train
data/raw/brain_ct/Brain_Data_Organised/Normal/55 (11).jpg,Normal,0,Normal_55,train
data/raw/brain_ct/Brain_Data_Organised/Normal/55 (12).jpg,Normal,0,Normal_55,train
data/raw/brain_ct/Brain_Data_Organised/Normal/55 (13).jpg,Normal,0,Normal_55,train
data/raw/brain_ct/Brain_Data_Organised/Normal/55 (14).jpg,Normal,0,Normal_55,train
data/raw/brain_ct/Brain_Data_Organised/Normal/55 (15).jpg,Normal,0,Normal_55,train
data/raw/brain_ct/Brain_Data_Organised/Normal/55 (16).jpg,Normal,0,Normal_55,train
data/raw/brain_ct/Brain_Data_Organised/Normal/55 (17).jpg,Normal,0,Normal_55,train
data/raw/brain_ct/Brain_Data_Organised/Normal/55 (18).jpg,Normal,0,Normal_55,train
data/raw/brain_ct/Brain_Data_Organised/Normal/55 (19).jpg,Normal,0,Normal_55,train
data/raw/brain_ct/Brain_Data_Organised/Normal/55 (20).jpg,Normal,0,Normal_55,train
data/raw/brain_ct/Brain_Data_Organised/Normal/55 (21).jpg,Normal,0,Normal_55,train
data/raw/brain_ct/Brain_Data_Organised/Normal/55 (22).jpg,Normal,0,Normal_55,train
data/raw/brain_ct/Brain_Data_Organised/Normal/55 (23).jpg,Normal,0,Normal_55,train
data/raw/brain_ct/Brain_Data_Organised/Normal/55 (24).jpg,Normal,0,Normal_55,train
data/raw/brain_ct/Brain_Data_Organised/Normal/55 (25).jpg,Normal,0,Normal_55,train
data/raw/brain_ct/Brain_Data_Organised/Normal/55 (26).jpg,Normal,0,Normal_55,train
data/raw/brain_ct/Brain_Data_Organised/Normal/55 (27).jpg,Normal,0,Normal_55,train
data/raw/brain_ct/Brain_Data_Organised/Normal/55 (28).jpg,Normal,0,Normal_55,train
data/raw/brain_ct/Brain_Data_Organised/Normal/55 (29).jpg,Normal,0,Normal_55,train
data/raw/brain_ct/Brain_Data_Organised/Normal/55 (30).jpg,Normal,0,Normal_55,train
data/raw/brain_ct/Brain_Data_Organised/Normal/55 (31).jpg,Normal,0,Normal_55,train
data/raw/brain_ct/Brain_Data_Organised/Normal/55 (32).jpg,Normal,0,Normal_55,train
data/raw/brain_ct/Brain_Data_Organised/Normal/57 (1).jpg,Normal,0,Normal_57,train
data/raw/brain_ct/Brain_Data_Organised/Normal/57 (2).jpg,Normal,0,Normal_57,train
data/raw/brain_ct/Brain_Data_Organised/Normal/57 (3).jpg,Normal,0,Normal_57,train
data/raw/brain_ct/Brain_Data_Organised/Normal/57 (4).jpg,Normal,0,Normal_57,train
data/raw/brain_ct/Brain_Data_Organised/Normal/57 (5).jpg,Normal,0,Normal_57,train
data/raw/brain_ct/Brain_Data_Organised/Normal/57 (6).jpg,Normal,0,Normal_57,train
data/raw/brain_ct/Brain_Data_Organised/Normal/57 (7).jpg,Normal,0,Normal_57,train
data/raw/brain_ct/Brain_Data_Organised/Normal/57 (8).jpg,Normal,0,Normal_57,train
data/raw/brain_ct/Brain_Data_Organised/Normal/57 (9).jpg,Normal,0,Normal_57,train
data/raw/brain_ct/Brain_Data_Organised/Normal/57 (10).jpg,Normal,0,Normal_57,train
data/raw/brain_ct/Brain_Data_Organised/Normal/57 (11).jpg,Normal,0,Normal_57,train
data/raw/brain_ct/Brain_Data_Organised/Normal/57 (12).jpg,Normal,0,Normal_57,train
data/raw/brain_ct/Brain_Data_Organised/Normal/57 (13).jpg,Normal,0,Normal_57,train
data/raw/brain_ct/Brain_Data_Organised/Normal/57 (14).jpg,Normal,0,Normal_57,train
data/raw/brain_ct/Brain_Data_Organised/Normal/57 (15).jpg,Normal,0,Normal_57,train
data/raw/brain_ct/Brain_Data_Organised/Normal/57 (16).jpg,Normal,0,Normal_57,train
data/raw/brain_ct/Brain_Data_Organised/Normal/57 (17).jpg,Normal,0,Normal_57,train
data/raw/brain_ct/Brain_Data_Organised/Normal/57 (18).jpg,Normal,0,Normal_57,train
data/raw/brain_ct/Brain_Data_Organised/Normal/57 (19).jpg,Normal,0,Normal_57,train
data/raw/brain_ct/Brain_Data_Organised/Normal/57 (20).jpg,Normal,0,Normal_57,train
data/raw/brain_ct/Brain_Data_Organised/Normal/57 (21).jpg,Normal,0,Normal_57,train
data/raw/brain_ct/Brain_Data_Organised/Normal/57 (22).jpg,Normal,0,Normal_57,train
data/raw/brain_ct/Brain_Data_Organised/Normal/57 (23).jpg,Normal,0,Normal_57,train
data/raw/brain_ct/Brain_Data_Organised/Normal/57 (24).jpg,Normal,0,Normal_57,train
data/raw/brain_ct/Brain_Data_Organised/Normal/57 (25).jpg,Normal,0,Normal_57,train
data/raw/brain_ct/Brain_Data_Organised/Normal/57 (26).jpg,Normal,0,Normal_57,train
data/raw/brain_ct/Brain_Data_Organised/Normal/57 (27).jpg,Normal,0,Normal_57,train
data/raw/brain_ct/Brain_Data_Organised/Normal/57 (28).jpg,Normal,0,Normal_57,train
data/raw/brain_ct/Brain_Data_Organised/Normal/57 (29).jpg,Normal,0,Normal_57,train
data/raw/brain_ct/Brain_Data_Organised/Normal/57 (30).jpg,Normal,0,Normal_57,train
data/raw/brain_ct/Brain_Data_Organised/Normal/57 (31).jpg,Normal,0,Normal_57,train
data/raw/brain_ct/Brain_Data_Organised/Normal/57 (32).jpg,Normal,0,Normal_57,train
data/raw/brain_ct/Brain_Data_Organised/Normal/57 (33).jpg,Normal,0,Normal_57,train
data/raw/brain_ct/Brain_Data_Organised/Normal/57 (34).jpg,Normal,0,Normal_57,train
data/raw/brain_ct/Brain_Data_Organised/Normal/57 (35).jpg,Normal,0,Normal_57,train
data/raw/brain_ct/Brain_Data_Organised/Normal/62 (1).jpg,Normal,0,Normal_62,train
data/raw/brain_ct/Brain_Data_Organised/Normal/62 (2).jpg,Normal,0,Normal_62,train
data/raw/brain_ct/Brain_Data_Organised/Normal/62 (3).jpg,Normal,0,Normal_62,train
data/raw/brain_ct/Brain_Data_Organised/Normal/62 (4).jpg,Normal,0,Normal_62,train
data/raw/brain_ct/Brain_Data_Organised/Normal/62 (5).jpg,Normal,0,Normal_62,train
data/raw/brain_ct/Brain_Data_Organised/Normal/62 (6).jpg,Normal,0,Normal_62,train
data/raw/brain_ct/Brain_Data_Organised/Normal/62 (7).jpg,Normal,0,Normal_62,train
data/raw/brain_ct/Brain_Data_Organised/Normal/62 (8).jpg,Normal,0,Normal_62,train
data/raw/brain_ct/Brain_Data_Organised/Normal/62 (9).jpg,Normal,0,Normal_62,train
data/raw/brain_ct/Brain_Data_Organised/Normal/62 (10).jpg,Normal,0,Normal_62,train
data/raw/brain_ct/Brain_Data_Organised/Normal/62 (11).jpg,Normal,0,Normal_62,train
data/raw/brain_ct/Brain_Data_Organised/Normal/62 (12).jpg,Normal,0,Normal_62,train
data/raw/brain_ct/Brain_Data_Organised/Normal/62 (13).jpg,Normal,0,Normal_62,train
data/raw/brain_ct/Brain_Data_Organised/Normal/62 (14).jpg,Normal,0,Normal_62,train
data/raw/brain_ct/Brain_Data_Organised/Normal/62 (15).jpg,Normal,0,Normal_62,train
data/raw/brain_ct/Brain_Data_Organised/Normal/62 (16).jpg,Normal,0,Normal_62,train
data/raw/brain_ct/Brain_Data_Organised/Normal/62 (17).jpg,Normal,0,Normal_62,train
data/raw/brain_ct/Brain_Data_Organised/Normal/62 (18).jpg,Normal,0,Normal_62,train
data/raw/brain_ct/Brain_Data_Organised/Normal/62 (19).jpg,Normal,0,Normal_62,train
data/raw/brain_ct/Brain_Data_Organised/Normal/62 (20).jpg,Normal,0,Normal_62,train
data/raw/brain_ct/Brain_Data_Organised/Normal/62 (21).jpg,Normal,0,Normal_62,train
data/raw/brain_ct/Brain_Data_Organised/Normal/62 (22).jpg,Normal,0,Normal_62,train
data/raw/brain_ct/Brain_Data_Organised/Normal/62 (23).jpg,Normal,0,Normal_62,train
data/raw/brain_ct/Brain_Data_Organised/Normal/63 (1).jpg,Normal,0,Normal_63,train
data/raw/brain_ct/Brain_Data_Organised/Normal/63 (2).jpg,Normal,0,Normal_63,train
data/raw/brain_ct/Brain_Data_Organised/Normal/63 (3).jpg,Normal,0,Normal_63,train
data/raw/brain_ct/Brain_Data_Organised/Normal/63 (4).jpg,Normal,0,Normal_63,train
data/raw/brain_ct/Brain_Data_Organised/Normal/63 (5).jpg,Normal,0,Normal_63,train
data/raw/brain_ct/Brain_Data_Organised/Normal/63 (6).jpg,Normal,0,Normal_63,train
data/raw/brain_ct/Brain_Data_Organised/Normal/63 (7).jpg,Normal,0,Normal_63,train
data/raw/brain_ct/Brain_Data_Organised/Normal/63 (8).jpg,Normal,0,Normal_63,train
data/raw/brain_ct/Brain_Data_Organised/Normal/63 (9).jpg,Normal,0,Normal_63,train
data/raw/brain_ct/Brain_Data_Organised/Normal/63 (10).jpg,Normal,0,Normal_63,train
data/raw/brain_ct/Brain_Data_Organised/Normal/63 (11).jpg,Normal,0,Normal_63,train
data/raw/brain_ct/Brain_Data_Organised/Normal/63 (12).jpg,Normal,0,Normal_63,train
data/raw/brain_ct/Brain_Data_Organised/Normal/63 (13).jpg,Normal,0,Normal_63,train
data/raw/brain_ct/Brain_Data_Organised/Normal/63 (14).jpg,Normal,0,Normal_63,train
data/raw/brain_ct/Brain_Data_Organised/Normal/63 (15).jpg,Normal,0,Normal_63,train
data/raw/brain_ct/Brain_Data_Organised/Normal/63 (16).jpg,Normal,0,Normal_63,train
data/raw/brain_ct/Brain_Data_Organised/Normal/63 (17).jpg,Normal,0,Normal_63,train
data/raw/brain_ct/Brain_Data_Organised/Normal/63 (18).jpg,Normal,0,Normal_63,train
data/raw/brain_ct/Brain_Data_Organised/Normal/63 (19).jpg,Normal,0,Normal_63,train
data/raw/brain_ct/Brain_Data_Organised/Normal/63 (20).jpg,Normal,0,Normal_63,train
data/raw/brain_ct/Brain_Data_Organised/Normal/63 (21).jpg,Normal,0,Normal_63,train
data/raw/brain_ct/Brain_Data_Organised/Normal/63 (22).jpg,Normal,0,Normal_63,train
data/raw/brain_ct/Brain_Data_Organised/Normal/63 (23).jpg,Normal,0,Normal_63,train
data/raw/brain_ct/Brain_Data_Organised/Normal/63 (24).jpg,Normal,0,Normal_63,train
data/raw/brain_ct/Brain_Data_Organised/Normal/63 (25).jpg,Normal,0,Normal_63,train
data/raw/brain_ct/Brain_Data_Organised/Normal/63 (26).jpg,Normal,0,Normal_63,train
data/raw/brain_ct/Brain_Data_Organised/Normal/63 (27).jpg,Normal,0,Normal_63,train
data/raw/brain_ct/Brain_Data_Organised/Normal/63 (28).jpg,Normal,0,Normal_63,train
data/raw/brain_ct/Brain_Data_Organised/Normal/63 (29).jpg,Normal,0,Normal_63,train
data/raw/brain_ct/Brain_Data_Organised/Normal/63 (30).jpg,Normal,0,Normal_63,train
data/raw/brain_ct/Brain_Data_Organised/Normal/63 (31).jpg,Normal,0,Normal_63,train
data/raw/brain_ct/Brain_Data_Organised/Normal/63 (32).jpg,Normal,0,Normal_63,train
data/raw/brain_ct/Brain_Data_Organised/Normal/63 (33).jpg,Normal,0,Normal_63,train
data/raw/brain_ct/Brain_Data_Organised/Normal/63 (34).jpg,Normal,0,Normal_63,train
data/raw/brain_ct/Brain_Data_Organised/Normal/63 (35).jpg,Normal,0,Normal_63,train
data/raw/brain_ct/Brain_Data_Organised/Normal/63 (36).jpg,Normal,0,Normal_63,train
data/raw/brain_ct/Brain_Data_Organised/Normal/64 (1).jpg,Normal,0,Normal_64,train
data/raw/brain_ct/Brain_Data_Organised/Normal/64 (2).jpg,Normal,0,Normal_64,train
data/raw/brain_ct/Brain_Data_Organised/Normal/64 (3).jpg,Normal,0,Normal_64,train
data/raw/brain_ct/Brain_Data_Organised/Normal/64 (4).jpg,Normal,0,Normal_64,train
data/raw/brain_ct/Brain_Data_Organised/Normal/64 (5).jpg,Normal,0,Normal_64,train
data/raw/brain_ct/Brain_Data_Organised/Normal/64 (6).jpg,Normal,0,Normal_64,train
data/raw/brain_ct/Brain_Data_Organised/Normal/64 (7).jpg,Normal,0,Normal_64,train
data/raw/brain_ct/Brain_Data_Organised/Normal/64 (8).jpg,Normal,0,Normal_64,train
data/raw/brain_ct/Brain_Data_Organised/Normal/64 (9).jpg,Normal,0,Normal_64,train
data/raw/brain_ct/Brain_Data_Organised/Normal/64 (10).jpg,Normal,0,Normal_64,train
data/raw/brain_ct/Brain_Data_Organised/Normal/64 (11).jpg,Normal,0,Normal_64,train
data/raw/brain_ct/Brain_Data_Organised/Normal/64 (12).jpg,Normal,0,Normal_64,train
data/raw/brain_ct/Brain_Data_Organised/Normal/64 (13).jpg,Normal,0,Normal_64,train
data/raw/brain_ct/Brain_Data_Organised/Normal/64 (14).jpg,Normal,0,Normal_64,train
data/raw/brain_ct/Brain_Data_Organised/Normal/64 (15).jpg,Normal,0,Normal_64,train
data/raw/brain_ct/Brain_Data_Organised/Normal/64 (16).jpg,Normal,0,Normal_64,train
data/raw/brain_ct/Brain_Data_Organised/Normal/64 (17).jpg,Normal,0,Normal_64,train
data/raw/brain_ct/Brain_Data_Organised/Normal/64 (18).jpg,Normal,0,Normal_64,train
data/raw/brain_ct/Brain_Data_Organised/Normal/64 (19).jpg,Normal,0,Normal_64,train
data/raw/brain_ct/Brain_Data_Organised/Normal/64 (20).jpg,Normal,0,Normal_64,train
data/raw/brain_ct/Brain_Data_Organised/Normal/64 (21).jpg,Normal,0,Normal_64,train
data/raw/brain_ct/Brain_Data_Organised/Normal/64 (22).jpg,Normal,0,Normal_64,train
data/raw/brain_ct/Brain_Data_Organised/Normal/64 (23).jpg,Normal,0,Normal_64,train
data/raw/brain_ct/Brain_Data_Organised/Normal/64 (24).jpg,Normal,0,Normal_64,train
data/raw/brain_ct/Brain_Data_Organised/Normal/64 (25).jpg,Normal,0,Normal_64,train
data/raw/brain_ct/Brain_Data_Organised/Normal/64 (26).jpg,Normal,0,Normal_64,train
data/raw/brain_ct/Brain_Data_Organised/Normal/95 (1).jpg,Normal,0,Normal_95,train
data/raw/brain_ct/Brain_Data_Organised/Normal/95 (2).jpg,Normal,0,Normal_95,train
data/raw/brain_ct/Brain_Data_Organised/Normal/95 (3).jpg,Normal,0,Normal_95,train
data/raw/brain_ct/Brain_Data_Organised/Normal/95 (4).jpg,Normal,0,Normal_95,train
data/raw/brain_ct/Brain_Data_Organised/Normal/95 (5).jpg,Normal,0,Normal_95,train
data/raw/brain_ct/Brain_Data_Organised/Normal/95 (6).jpg,Normal,0,Normal_95,train
data/raw/brain_ct/Brain_Data_Organised/Normal/95 (7).jpg,Normal,0,Normal_95,train
data/raw/brain_ct/Brain_Data_Organised/Normal/95 (8).jpg,Normal,0,Normal_95,train
data/raw/brain_ct/Brain_Data_Organised/Normal/95 (9).jpg,Normal,0,Normal_95,train
data/raw/brain_ct/Brain_Data_Organised/Normal/95 (10).jpg,Normal,0,Normal_95,train
data/raw/brain_ct/Brain_Data_Organised/Normal/95 (11).jpg,Normal,0,Normal_95,train
data/raw/brain_ct/Brain_Data_Organised/Normal/95 (12).jpg,Normal,0,Normal_95,train
data/raw/brain_ct/Brain_Data_Organised/Normal/95 (13).jpg,Normal,0,Normal_95,train
data/raw/brain_ct/Brain_Data_Organised/Normal/95 (14).jpg,Normal,0,Normal_95,train
data/raw/brain_ct/Brain_Data_Organised/Normal/95 (15).jpg,Normal,0,Normal_95,train
data/raw/brain_ct/Brain_Data_Organised/Normal/95 (16).jpg,Normal,0,Normal_95,train
data/raw/brain_ct/Brain_Data_Organised/Normal/95 (17).jpg,Normal,0,Normal_95,train
data/raw/brain_ct/Brain_Data_Organised/Normal/95 (18).jpg,Normal,0,Normal_95,train
data/raw/brain_ct/Brain_Data_Organised/Normal/95 (19).jpg,Normal,0,Normal_95,train
data/raw/brain_ct/Brain_Data_Organised/Normal/95 (20).jpg,Normal,0,Normal_95,train
data/raw/brain_ct/Brain_Data_Organised/Normal/95 (21).jpg,Normal,0,Normal_95,train
data/raw/brain_ct/Brain_Data_Organised/Normal/95 (22).jpg,Normal,0,Normal_95,train
data/raw/brain_ct/Brain_Data_Organised/Normal/95 (23).jpg,Normal,0,Normal_95,train
data/raw/brain_ct/Brain_Data_Organised/Normal/95 (24).jpg,Normal,0,Normal_95,train
data/raw/brain_ct/Brain_Data_Organised/Normal/95 (25).jpg,Normal,0,Normal_95,train
data/raw/brain_ct/Brain_Data_Organised/Normal/95 (26).jpg,Normal,0,Normal_95,train
data/raw/brain_ct/Brain_Data_Organised/Normal/95 (27).jpg,Normal,0,Normal_95,train
data/raw/brain_ct/Brain_Data_Organised/Normal/95 (28).jpg,Normal,0,Normal_95,train
data/raw/brain_ct/Brain_Data_Organised/Normal/95 (29).jpg,Normal,0,Normal_95,train
data/raw/brain_ct/Brain_Data_Organised/Normal/96 (1).jpg,Normal,0,Normal_96,train
data/raw/brain_ct/Brain_Data_Organised/Normal/96 (2).jpg,Normal,0,Normal_96,train
data/raw/brain_ct/Brain_Data_Organised/Normal/96 (3).jpg,Normal,0,Normal_96,train
data/raw/brain_ct/Brain_Data_Organised/Normal/96 (4).jpg,Normal,0,Normal_96,train
data/raw/brain_ct/Brain_Data_Organised/Normal/96 (5).jpg,Normal,0,Normal_96,train
data/raw/brain_ct/Brain_Data_Organised/Normal/96 (6).jpg,Normal,0,Normal_96,train
data/raw/brain_ct/Brain_Data_Organised/Normal/96 (7).jpg,Normal,0,Normal_96,train
data/raw/brain_ct/Brain_Data_Organised/Normal/96 (8).jpg,Normal,0,Normal_96,train
data/raw/brain_ct/Brain_Data_Organised/Normal/96 (9).jpg,Normal,0,Normal_96,train
data/raw/brain_ct/Brain_Data_Organised/Normal/96 (10).jpg,Normal,0,Normal_96,train
data/raw/brain_ct/Brain_Data_Organised/Normal/96 (11).jpg,Normal,0,Normal_96,train
data/raw/brain_ct/Brain_Data_Organised/Normal/96 (12).jpg,Normal,0,Normal_96,train
data/raw/brain_ct/Brain_Data_Organised/Normal/96 (13).jpg,Normal,0,Normal_96,train
data/raw/brain_ct/Brain_Data_Organised/Normal/96 (14).jpg,Normal,0,Normal_96,train
data/raw/brain_ct/Brain_Data_Organised/Normal/96 (15).jpg,Normal,0,Normal_96,train
data/raw/brain_ct/Brain_Data_Organised/Normal/96 (16).jpg,Normal,0,Normal_96,train
data/raw/brain_ct/Brain_Data_Organised/Normal/96 (17).jpg,Normal,0,Normal_96,train
data/raw/brain_ct/Brain_Data_Organised/Normal/96 (18).jpg,Normal,0,Normal_96,train
data/raw/brain_ct/Brain_Data_Organised/Normal/96 (19).jpg,Normal,0,Normal_96,train
data/raw/brain_ct/Brain_Data_Organised/Normal/96 (20).jpg,Normal,0,Normal_96,train
data/raw/brain_ct/Brain_Data_Organised/Normal/96 (21).jpg,Normal,0,Normal_96,train
data/raw/brain_ct/Brain_Data_Organised/Normal/96 (22).jpg,Normal,0,Normal_96,train
data/raw/brain_ct/Brain_Data_Organised/Normal/96 (23).jpg,Normal,0,Normal_96,train
data/raw/brain_ct/Brain_Data_Organised/Normal/96 (24).jpg,Normal,0,Normal_96,train
data/raw/brain_ct/Brain_Data_Organised/Normal/96 (25).jpg,Normal,0,Normal_96,train
data/raw/brain_ct/Brain_Data_Organised/Normal/96 (26).jpg,Normal,0,Normal_96,train
data/raw/brain_ct/Brain_Data_Organised/Normal/96 (27).jpg,Normal,0,Normal_96,train
data/raw/brain_ct/Brain_Data_Organised/Normal/96 (28).jpg,Normal,0,Normal_96,train
data/raw/brain_ct/Brain_Data_Organised/Normal/96 (29).jpg,Normal,0,Normal_96,train
data/raw/brain_ct/Brain_Data_Organised/Normal/96 (30).jpg,Normal,0,Normal_96,train
data/raw/brain_ct/Brain_Data_Organised/Normal/96 (31).jpg,Normal,0,Normal_96,train
data/raw/brain_ct/Brain_Data_Organised/Normal/96 (32).jpg,Normal,0,Normal_96,train
data/raw/brain_ct/Brain_Data_Organised/Normal/96 (33).jpg,Normal,0,Normal_96,train
data/raw/brain_ct/Brain_Data_Organised/Normal/98 (1).jpg,Normal,0,Normal_98,train
data/raw/brain_ct/Brain_Data_Organised/Normal/98 (2).jpg,Normal,0,Normal_98,train
data/raw/brain_ct/Brain_Data_Organised/Normal/98 (3).jpg,Normal,0,Normal_98,train
data/raw/brain_ct/Brain_Data_Organised/Normal/98 (4).jpg,Normal,0,Normal_98,train
data/raw/brain_ct/Brain_Data_Organised/Normal/98 (5).jpg,Normal,0,Normal_98,train
data/raw/brain_ct/Brain_Data_Organised/Normal/98 (6).jpg,Normal,0,Normal_98,train
data/raw/brain_ct/Brain_Data_Organised/Normal/98 (7).jpg,Normal,0,Normal_98,train
data/raw/brain_ct/Brain_Data_Organised/Normal/98 (8).jpg,Normal,0,Normal_98,train
data/raw/brain_ct/Brain_Data_Organised/Normal/98 (9).jpg,Normal,0,Normal_98,train
data/raw/brain_ct/Brain_Data_Organised/Normal/98 (10).jpg,Normal,0,Normal_98,train
data/raw/brain_ct/Brain_Data_Organised/Normal/98 (11).jpg,Normal,0,Normal_98,train
data/raw/brain_ct/Brain_Data_Organised/Normal/98 (12).jpg,Normal,0,Normal_98,train
data/raw/brain_ct/Brain_Data_Organised/Normal/98 (13).jpg,Normal,0,Normal_98,train
data/raw/brain_ct/Brain_Data_Organised/Normal/98 (14).jpg,Normal,0,Normal_98,train
data/raw/brain_ct/Brain_Data_Organised/Normal/98 (15).jpg,Normal,0,Normal_98,train
data/raw/brain_ct/Brain_Data_Organised/Normal/98 (16).jpg,Normal,0,Normal_98,train
data/raw/brain_ct/Brain_Data_Organised/Normal/98 (17).jpg,Normal,0,Normal_98,train
data/raw/brain_ct/Brain_Data_Organised/Normal/98 (18).jpg,Normal,0,Normal_98,train
data/raw/brain_ct/Brain_Data_Organised/Normal/98 (19).jpg,Normal,0,Normal_98,train
data/raw/brain_ct/Brain_Data_Organised/Normal/98 (20).jpg,Normal,0,Normal_98,train
data/raw/brain_ct/Brain_Data_Organised/Normal/98 (21).jpg,Normal,0,Normal_98,train
data/raw/brain_ct/Brain_Data_Organised/Normal/98 (22).jpg,Normal,0,Normal_98,train
data/raw/brain_ct/Brain_Data_Organised/Normal/98 (23).jpg,Normal,0,Normal_98,train
data/raw/brain_ct/Brain_Data_Organised/Normal/98 (24).jpg,Normal,0,Normal_98,train
data/raw/brain_ct/Brain_Data_Organised/Normal/98 (25).jpg,Normal,0,Normal_98,train
data/raw/brain_ct/Brain_Data_Organised/Normal/98 (26).jpg,Normal,0,Normal_98,train
data/raw/brain_ct/Brain_Data_Organised/Normal/98 (27).jpg,Normal,0,Normal_98,train
data/raw/brain_ct/Brain_Data_Organised/Normal/98 (28).jpg,Normal,0,Normal_98,train
data/raw/brain_ct/Brain_Data_Organised/Normal/98 (29).jpg,Normal,0,Normal_98,train
data/raw/brain_ct/Brain_Data_Organised/Stroke/58 (1).jpg,Stroke,1,Stroke_58,train
data/raw/brain_ct/Brain_Data_Organised/Stroke/58 (2).jpg,Stroke,1,Stroke_58,train
data/raw/brain_ct/Brain_Data_Organised/Stroke/58 (3).jpg,Stroke,1,Stroke_58,train
data/raw/brain_ct/Brain_Data_Organised/Stroke/58 (4).jpg,Stroke,1,Stroke_58,train
data/raw/brain_ct/Brain_Data_Organised/Stroke/58 (5).jpg,Stroke,1,Stroke_58,train
data/raw/brain_ct/Brain_Data_Organised/Stroke/58 (6).jpg,Stroke,1,Stroke_58,train
data/raw/brain_ct/Brain_Data_Organised/Stroke/58 (7).jpg,Stroke,1,Stroke_58,train
data/raw/brain_ct/Brain_Data_Organised/Stroke/58 (8).jpg,Stroke,1,Stroke_58,train
data/raw/brain_ct/Brain_Data_Organised/Stroke/58 (9).jpg,Stroke,1,Stroke_58,train
data/raw/brain_ct/Brain_Data_Organised/Stroke/58 (10).jpg,Stroke,1,Stroke_58,train
data/raw/brain_ct/Brain_Data_Organised/Stroke/58 (11).jpg,Stroke,1,Stroke_58,train
data/raw/brain_ct/Brain_Data_Organised/Stroke/58 (12).jpg,Stroke,1,Stroke_58,train
data/raw/brain_ct/Brain_Data_Organised/Stroke/58 (13).jpg,Stroke,1,Stroke_58,train
data/raw/brain_ct/Brain_Data_Organised/Stroke/58 (15).jpg,Stroke,1,Stroke_58,train
data/raw/brain_ct/Brain_Data_Organised/Stroke/58 (17).jpg,Stroke,1,Stroke_58,train
data/raw/brain_ct/Brain_Data_Organised/Stroke/58 (18).jpg,Stroke,1,Stroke_58,train
data/raw/brain_ct/Brain_Data_Organised/Stroke/58 (19).jpg,Stroke,1,Stroke_58,train
data/raw/brain_ct/Brain_Data_Organised/Stroke/58 (20).jpg,Stroke,1,Stroke_58,train
data/raw/brain_ct/Brain_Data_Organised/Stroke/58 (21).jpg,Stroke,1,Stroke_58,train
data/raw/brain_ct/Brain_Data_Organised/Stroke/58 (22).jpg,Stroke,1,Stroke_58,train
data/raw/brain_ct/Brain_Data_Organised/Stroke/58 (23).jpg,Stroke,1,Stroke_58,train
data/raw/brain_ct/Brain_Data_Organised/Stroke/58 (24).jpg,Stroke,1,Stroke_58,train
data/raw/brain_ct/Brain_Data_Organised/Stroke/58 (25).jpg,Stroke,1,Stroke_58,train
data/raw/brain_ct/Brain_Data_Organised/Stroke/58 (26).jpg,Stroke,1,Stroke_58,train
data/raw/brain_ct/Brain_Data_Organised/Stroke/58 (27).jpg,Stroke,1,Stroke_58,train
data/raw/brain_ct/Brain_Data_Organised/Stroke/58 (28).jpg,Stroke,1,Stroke_58,train
data/raw/brain_ct/Brain_Data_Organised/Stroke/58 (29).jpg,Stroke,1,Stroke_58,train
data/raw/brain_ct/Brain_Data_Organised/Stroke/58 (30).jpg,Stroke,1,Stroke_58,train
data/raw/brain_ct/Brain_Data_Organised/Stroke/58 (31).jpg,Stroke,1,Stroke_58,train
data/raw/brain_ct/Brain_Data_Organised/Stroke/58 (32).jpg,Stroke,1,Stroke_58,train
data/raw/brain_ct/Brain_Data_Organised/Stroke/58 (33).jpg,Stroke,1,Stroke_58,train
data/raw/brain_ct/Brain_Data_Organised/Stroke/58 (34).jpg,Stroke,1,Stroke_58,train
data/raw/brain_ct/Brain_Data_Organised/Stroke/58 (35).jpg,Stroke,1,Stroke_58,train
data/raw/brain_ct/Brain_Data_Organised/Stroke/58 (36).jpg,Stroke,1,Stroke_58,train
data/raw/brain_ct/Brain_Data_Organised/Stroke/67 (1).jpg,Stroke,1,Stroke_67,train
data/raw/brain_ct/Brain_Data_Organised/Stroke/67 (2).jpg,Stroke,1,Stroke_67,train
data/raw/brain_ct/Brain_Data_Organised/Stroke/67 (3).jpg,Stroke,1,Stroke_67,train
data/raw/brain_ct/Brain_Data_Organised/Stroke/67 (4).jpg,Stroke,1,Stroke_67,train
data/raw/brain_ct/Brain_Data_Organised/Stroke/67 (5).jpg,Stroke,1,Stroke_67,train
data/raw/brain_ct/Brain_Data_Organised/Stroke/67 (6).jpg,Stroke,1,Stroke_67,train
data/raw/brain_ct/Brain_Data_Organised/Stroke/67 (7).jpg,Stroke,1,Stroke_67,train
data/raw/brain_ct/Brain_Data_Organised/Stroke/67 (8).jpg,Stroke,1,Stroke_67,train
data/raw/brain_ct/Brain_Data_Organised/Stroke/67 (9).jpg,Stroke,1,Stroke_67,train
data/raw/brain_ct/Brain_Data_Organised/Stroke/67 (10).jpg,Stroke,1,Stroke_67,train
data/raw/brain_ct/Brain_Data_Organised/Stroke/67 (11).jpg,Stroke,1,Stroke_67,train
data/raw/brain_ct/Brain_Data_Organised/Stroke/67 (12).jpg,Stroke,1,Stroke_67,train
data/raw/brain_ct/Brain_Data_Organised/Stroke/67 (13).jpg,Stroke,1,Stroke_67,train
data/raw/brain_ct/Brain_Data_Organised/Stroke/67 (14).jpg,Stroke,1,Stroke_67,train
data/raw/brain_ct/Brain_Data_Organised/Stroke/67 (15).jpg,Stroke,1,Stroke_67,train
data/raw/brain_ct/Brain_Data_Organised/Stroke/67 (16).jpg,Stroke,1,Stroke_67,train
data/raw/brain_ct/Brain_Data_Organised/Stroke/67 (17).jpg,Stroke,1,Stroke_67,train
data/raw/brain_ct/Brain_Data_Organised/Stroke/67 (19).jpg,Stroke,1,Stroke_67,train
data/raw/brain_ct/Brain_Data_Organised/Stroke/67 (21).jpg,Stroke,1,Stroke_67,train
data/raw/brain_ct/Brain_Data_Organised/Stroke/67 (23).jpg,Stroke,1,Stroke_67,train
data/raw/brain_ct/Brain_Data_Organised/Stroke/67 (25).jpg,Stroke,1,Stroke_67,train
data/raw/brain_ct/Brain_Data_Organised/Stroke/67 (27).jpg,Stroke,1,Stroke_67,train
data/raw/brain_ct/Brain_Data_Organised/Stroke/67 (28).jpg,Stroke,1,Stroke_67,train
data/raw/brain_ct/Brain_Data_Organised/Stroke/67 (29).jpg,Stroke,1,Stroke_67,train
data/raw/brain_ct/Brain_Data_Organised/Stroke/67 (30).jpg,Stroke,1,Stroke_67,train
data/raw/brain_ct/Brain_Data_Organised/Stroke/67 (31).jpg,Stroke,1,Stroke_67,train
data/raw/brain_ct/Brain_Data_Organised/Stroke/67 (32).jpg,Stroke,1,Stroke_67,train
data/raw/brain_ct/Brain_Data_Organised/Stroke/67 (33).jpg,Stroke,1,Stroke_67,train
data/raw/brain_ct/Brain_Data_Organised/Stroke/69 (1).jpg,Stroke,1,Stroke_69,train
data/raw/brain_ct/Brain_Data_Organised/Stroke/69 (2).jpg,Stroke,1,Stroke_69,train
data/raw/brain_ct/Brain_Data_Organised/Stroke/69 (3).jpg,Stroke,1,Stroke_69,train
data/raw/brain_ct/Brain_Data_Organised/Stroke/69 (4).jpg,Stroke,1,Stroke_69,train
data/raw/brain_ct/Brain_Data_Organised/Stroke/69 (5).jpg,Stroke,1,Stroke_69,train
data/raw/brain_ct/Brain_Data_Organised/Stroke/69 (6).jpg,Stroke,1,Stroke_69,train
data/raw/brain_ct/Brain_Data_Organised/Stroke/69 (7).jpg,Stroke,1,Stroke_69,train
data/raw/brain_ct/Brain_Data_Organised/Stroke/69 (8).jpg,Stroke,1,Stroke_69,train
data/raw/brain_ct/Brain_Data_Organised/Stroke/69 (9).jpg,Stroke,1,Stroke_69,train
data/raw/brain_ct/Brain_Data_Organised/Stroke/69 (10).jpg,Stroke,1,Stroke_69,train
data/raw/brain_ct/Brain_Data_Organised/Stroke/69 (11).jpg,Stroke,1,Stroke_69,train
data/raw/brain_ct/Brain_Data_Organised/Stroke/69 (12).jpg,Stroke,1,Stroke_69,train
data/raw/brain_ct/Brain_Data_Organised/Stroke/69 (13).jpg,Stroke,1,Stroke_69,train
data/raw/brain_ct/Brain_Data_Organised/Stroke/69 (14).jpg,Stroke,1,Stroke_69,train
data/raw/brain_ct/Brain_Data_Organised/Stroke/69 (15).jpg,Stroke,1,Stroke_69,train
data/raw/brain_ct/Brain_Data_Organised/Stroke/69 (16).jpg,Stroke,1,Stroke_69,train
data/raw/brain_ct/Brain_Data_Organised/Stroke/69 (17).jpg,Stroke,1,Stroke_69,train
data/raw/brain_ct/Brain_Data_Organised/Stroke/69 (19).jpg,Stroke,1,Stroke_69,train
data/raw/brain_ct/Brain_Data_Organised/Stroke/69 (21).jpg,Stroke,1,Stroke_69,train
data/raw/brain_ct/Brain_Data_Organised/Stroke/69 (22).jpg,Stroke,1,Stroke_69,train
data/raw/brain_ct/Brain_Data_Organised/Stroke/69 (23).jpg,Stroke,1,Stroke_69,train
data/raw/brain_ct/Brain_Data_Organised/Stroke/69 (24).jpg,Stroke,1,Stroke_69,train
data/raw/brain_ct/Brain_Data_Organised/Stroke/69 (25).jpg,Stroke,1,Stroke_69,train
data/raw/brain_ct/Brain_Data_Organised/Stroke/69 (26).jpg,Stroke,1,Stroke_69,train
data/raw/brain_ct/Brain_Data_Organised/Stroke/69 (27).jpg,Stroke,1,Stroke_69,train
data/raw/brain_ct/Brain_Data_Organised/Stroke/69 (28).jpg,Stroke,1,Stroke_69,train
data/raw/brain_ct/Brain_Data_Organised/Stroke/69 (29).jpg,Stroke,1,Stroke_69,train
data/raw/brain_ct/Brain_Data_Organised/Stroke/69 (30).jpg,Stroke,1,Stroke_69,train
data/raw/brain_ct/Brain_Data_Organised/Stroke/69 (31).jpg,Stroke,1,Stroke_69,train
data/raw/brain_ct/Brain_Data_Organised/Stroke/69 (32).jpg,Stroke,1,Stroke_69,train
data/raw/brain_ct/Brain_Data_Organised/Stroke/69 (33).jpg,Stroke,1,Stroke_69,train
data/raw/brain_ct/Brain_Data_Organised/Stroke/69 (34).jpg,Stroke,1,Stroke_69,train
data/raw/brain_ct/Brain_Data_Organised/Stroke/69 (35).jpg,Stroke,1,Stroke_69,train
data/raw/brain_ct/Brain_Data_Organised/Stroke/69 (36).jpg,Stroke,1,Stroke_69,train
data/raw/brain_ct/Brain_Data_Organised/Stroke/70 (1).jpg,Stroke,1,Stroke_70,train
data/raw/brain_ct/Brain_Data_Organised/Stroke/70 (2).jpg,Stroke,1,Stroke_70,train
data/raw/brain_ct/Brain_Data_Organised/Stroke/70 (3).jpg,Stroke,1,Stroke_70,train
data/raw/brain_ct/Brain_Data_Organised/Stroke/70 (4).jpg,Stroke,1,Stroke_70,train
data/raw/brain_ct/Brain_Data_Organised/Stroke/70 (5).jpg,Stroke,1,Stroke_70,train
data/raw/brain_ct/Brain_Data_Organised/Stroke/70 (6).jpg,Stroke,1,Stroke_70,train
data/raw/brain_ct/Brain_Data_Organised/Stroke/70 (7).jpg,Stroke,1,Stroke_70,train
data/raw/brain_ct/Brain_Data_Organised/Stroke/70 (8).jpg,Stroke,1,Stroke_70,train
data/raw/brain_ct/Brain_Data_Organised/Stroke/70 (9).jpg,Stroke,1,Stroke_70,train
data/raw/brain_ct/Brain_Data_Organised/Stroke/70 (10).jpg,Stroke,1,Stroke_70,train
data/raw/brain_ct/Brain_Data_Organised/Stroke/70 (11).jpg,Stroke,1,Stroke_70,train
data/raw/brain_ct/Brain_Data_Organised/Stroke/70 (12).jpg,Stroke,1,Stroke_70,train
data/raw/brain_ct/Brain_Data_Organised/Stroke/70 (13).jpg,Stroke,1,Stroke_70,train
data/raw/brain_ct/Brain_Data_Organised/Stroke/70 (15).jpg,Stroke,1,Stroke_70,train
data/raw/brain_ct/Brain_Data_Organised/Stroke/70 (17).jpg,Stroke,1,Stroke_70,train
data/raw/brain_ct/Brain_Data_Organised/Stroke/70 (19).jpg,Stroke,1,Stroke_70,train
data/raw/brain_ct/Brain_Data_Organised/Stroke/70 (21).jpg,Stroke,1,Stroke_70,train
data/raw/brain_ct/Brain_Data_Organised/Stroke/70 (23).jpg,Stroke,1,Stroke_70,train
data/raw/brain_ct/Brain_Data_Organised/Stroke/70 (25).jpg,Stroke,1,Stroke_70,train
data/raw/brain_ct/Brain_Data_Organised/Stroke/70 (27).jpg,Stroke,1,Stroke_70,train
data/raw/brain_ct/Brain_Data_Organised/Stroke/70 (29).jpg,Stroke,1,Stroke_70,train
data/raw/brain_ct/Brain_Data_Organised/Stroke/70 (31).jpg,Stroke,1,Stroke_70,train
data/raw/brain_ct/Brain_Data_Organised/Stroke/70 (33).jpg,Stroke,1,Stroke_70,train
data/raw/brain_ct/Brain_Data_Organised/Stroke/70 (35).jpg,Stroke,1,Stroke_70,train
data/raw/brain_ct/Brain_Data_Organised/Stroke/70 (37).jpg,Stroke,1,Stroke_70,train
data/raw/brain_ct/Brain_Data_Organised/Stroke/70 (39).jpg,Stroke,1,Stroke_70,train
data/raw/brain_ct/Brain_Data_Organised/Stroke/70 (41).jpg,Stroke,1,Stroke_70,train
data/raw/brain_ct/Brain_Data_Organised/Stroke/70 (42).jpg,Stroke,1,Stroke_70,train
data/raw/brain_ct/Brain_Data_Organised/Stroke/70 (43).jpg,Stroke,1,Stroke_70,train
data/raw/brain_ct/Brain_Data_Organised/Stroke/70 (44).jpg,Stroke,1,Stroke_70,train
data/raw/brain_ct/Brain_Data_Organised/Stroke/70 (45).jpg,Stroke,1,Stroke_70,train
data/raw/brain_ct/Brain_Data_Organised/Stroke/70 (46).jpg,Stroke,1,Stroke_70,train
data/raw/brain_ct/Brain_Data_Organised/Stroke/70 (47).jpg,Stroke,1,Stroke_70,train
data/raw/brain_ct/Brain_Data_Organised/Stroke/70 (48).jpg,Stroke,1,Stroke_70,train
data/raw/brain_ct/Brain_Data_Organised/Stroke/73 (1).jpg,Stroke,1,Stroke_73,train
data/raw/brain_ct/Brain_Data_Organised/Stroke/73 (2).jpg,Stroke,1,Stroke_73,train
data/raw/brain_ct/Brain_Data_Organised/Stroke/73 (3).jpg,Stroke,1,Stroke_73,train
data/raw/brain_ct/Brain_Data_Organised/Stroke/73 (4).jpg,Stroke,1,Stroke_73,train
data/raw/brain_ct/Brain_Data_Organised/Stroke/73 (5).jpg,Stroke,1,Stroke_73,train
data/raw/brain_ct/Brain_Data_Organised/Stroke/73 (6).jpg,Stroke,1,Stroke_73,train
data/raw/brain_ct/Brain_Data_Organised/Stroke/73 (7).jpg,Stroke,1,Stroke_73,train
data/raw/brain_ct/Brain_Data_Organised/Stroke/73 (8).jpg,Stroke,1,Stroke_73,train
data/raw/brain_ct/Brain_Data_Organised/Stroke/73 (9).jpg,Stroke,1,Stroke_73,train
data/raw/brain_ct/Brain_Data_Organised/Stroke/73 (10).jpg,Stroke,1,Stroke_73,train
data/raw/brain_ct/Brain_Data_Organised/Stroke/73 (11).jpg,Stroke,1,Stroke_73,train
data/raw/brain_ct/Brain_Data_Organised/Stroke/73 (12).jpg,Stroke,1,Stroke_73,train
data/raw/brain_ct/Brain_Data_Organised/Stroke/73 (13).jpg,Stroke,1,Stroke_73,train
data/raw/brain_ct/Brain_Data_Organised/Stroke/73 (14).jpg,Stroke,1,Stroke_73,train
data/raw/brain_ct/Brain_Data_Organised/Stroke/73 (15).jpg,Stroke,1,Stroke_73,train
data/raw/brain_ct/Brain_Data_Organised/Stroke/73 (16).jpg,Stroke,1,Stroke_73,train
data/raw/brain_ct/Brain_Data_Organised/Stroke/73 (17).jpg,Stroke,1,Stroke_73,train
data/raw/brain_ct/Brain_Data_Organised/Stroke/73 (18).jpg,Stroke,1,Stroke_73,train
data/raw/brain_ct/Brain_Data_Organised/Stroke/73 (19).jpg,Stroke,1,Stroke_73,train
data/raw/brain_ct/Brain_Data_Organised/Stroke/73 (20).jpg,Stroke,1,Stroke_73,train
data/raw/brain_ct/Brain_Data_Organised/Stroke/73 (21).jpg,Stroke,1,Stroke_73,train
data/raw/brain_ct/Brain_Data_Organised/Stroke/73 (22).jpg,Stroke,1,Stroke_73,train
data/raw/brain_ct/Brain_Data_Organised/Stroke/73 (23).jpg,Stroke,1,Stroke_73,train
data/raw/brain_ct/Brain_Data_Organised/Stroke/73 (24).jpg,Stroke,1,Stroke_73,train
data/raw/brain_ct/Brain_Data_Organised/Stroke/73 (25).jpg,Stroke,1,Stroke_73,train
data/raw/brain_ct/Brain_Data_Organised/Stroke/73 (26).jpg,Stroke,1,Stroke_73,train
data/raw/brain_ct/Brain_Data_Organised/Stroke/73 (28).jpg,Stroke,1,Stroke_73,train
data/raw/brain_ct/Brain_Data_Organised/Stroke/73 (30).jpg,Stroke,1,Stroke_73,train
data/raw/brain_ct/Brain_Data_Organised/Stroke/73 (32).jpg,Stroke,1,Stroke_73,train
data/raw/brain_ct/Brain_Data_Organised/Stroke/73 (34).jpg,Stroke,1,Stroke_73,train
data/raw/brain_ct/Brain_Data_Organised/Stroke/73 (36).jpg,Stroke,1,Stroke_73,train
data/raw/brain_ct/Brain_Data_Organised/Stroke/73 (38).jpg,Stroke,1,Stroke_73,train
data/raw/brain_ct/Brain_Data_Organised/Stroke/73 (39).jpg,Stroke,1,Stroke_73,train
data/raw/brain_ct/Brain_Data_Organised/Stroke/74 (1).jpg,Stroke,1,Stroke_74,train
data/raw/brain_ct/Brain_Data_Organised/Stroke/74 (2).jpg,Stroke,1,Stroke_74,train
data/raw/brain_ct/Brain_Data_Organised/Stroke/74 (3).jpg,Stroke,1,Stroke_74,train
data/raw/brain_ct/Brain_Data_Organised/Stroke/74 (4).jpg,Stroke,1,Stroke_74,train
data/raw/brain_ct/Brain_Data_Organised/Stroke/74 (5).jpg,Stroke,1,Stroke_74,train
data/raw/brain_ct/Brain_Data_Organised/Stroke/74 (6).jpg,Stroke,1,Stroke_74,train
data/raw/brain_ct/Brain_Data_Organised/Stroke/74 (7).jpg,Stroke,1,Stroke_74,train
data/raw/brain_ct/Brain_Data_Organised/Stroke/74 (8).jpg,Stroke,1,Stroke_74,train
data/raw/brain_ct/Brain_Data_Organised/Stroke/74 (9).jpg,Stroke,1,Stroke_74,train
data/raw/brain_ct/Brain_Data_Organised/Stroke/74 (10).jpg,Stroke,1,Stroke_74,train
data/raw/brain_ct/Brain_Data_Organised/Stroke/74 (11).jpg,Stroke,1,Stroke_74,train
data/raw/brain_ct/Brain_Data_Organised/Stroke/74 (12).jpg,Stroke,1,Stroke_74,train
data/raw/brain_ct/Brain_Data_Organised/Stroke/74 (14).jpg,Stroke,1,Stroke_74,train
data/raw/brain_ct/Brain_Data_Organised/Stroke/74 (16).jpg,Stroke,1,Stroke_74,train
data/raw/brain_ct/Brain_Data_Organised/Stroke/74 (18).jpg,Stroke,1,Stroke_74,train
data/raw/brain_ct/Brain_Data_Organised/Stroke/74 (20).jpg,Stroke,1,Stroke_74,train
data/raw/brain_ct/Brain_Data_Organised/Stroke/74 (22).jpg,Stroke,1,Stroke_74,train
data/raw/brain_ct/Brain_Data_Organised/Stroke/74 (23).jpg,Stroke,1,Stroke_74,train
data/raw/brain_ct/Brain_Data_Organised/Stroke/74 (25).jpg,Stroke,1,Stroke_74,train
data/raw/brain_ct/Brain_Data_Organised/Stroke/74 (27).jpg,Stroke,1,Stroke_74,train
data/raw/brain_ct/Brain_Data_Organised/Stroke/74 (29).jpg,Stroke,1,Stroke_74,train
data/raw/brain_ct/Brain_Data_Organised/Stroke/74 (31).jpg,Stroke,1,Stroke_74,train
data/raw/brain_ct/Brain_Data_Organised/Stroke/74 (33).jpg,Stroke,1,Stroke_74,train
data/raw/brain_ct/Brain_Data_Organised/Stroke/74 (35).jpg,Stroke,1,Stroke_74,train
data/raw/brain_ct/Brain_Data_Organised/Stroke/74 (37).jpg,Stroke,1,Stroke_74,train
data/raw/brain_ct/Brain_Data_Organised/Stroke/74 (39).jpg,Stroke,1,Stroke_74,train
data/raw/brain_ct/Brain_Data_Organised/Stroke/74 (40).jpg,Stroke,1,Stroke_74,train
data/raw/brain_ct/Brain_Data_Organised/Stroke/74 (41).jpg,Stroke,1,Stroke_74,train
data/raw/brain_ct/Brain_Data_Organised/Stroke/74 (42).jpg,Stroke,1,Stroke_74,train
data/raw/brain_ct/Brain_Data_Organised/Stroke/74 (43).jpg,Stroke,1,Stroke_74,train
data/raw/brain_ct/Brain_Data_Organised/Stroke/74 (44).jpg,Stroke,1,Stroke_74,train
data/raw/brain_ct/Brain_Data_Organised/Stroke/74 (45).jpg,Stroke,1,Stroke_74,train
data/raw/brain_ct/Brain_Data_Organised/Stroke/74 (46).jpg,Stroke,1,Stroke_74,train
data/raw/brain_ct/Brain_Data_Organised/Stroke/75 (1).jpg,Stroke,1,Stroke_75,train
data/raw/brain_ct/Brain_Data_Organised/Stroke/75 (2).jpg,Stroke,1,Stroke_75,train
data/raw/brain_ct/Brain_Data_Organised/Stroke/75 (3).jpg,Stroke,1,Stroke_75,train
data/raw/brain_ct/Brain_Data_Organised/Stroke/75 (4).jpg,Stroke,1,Stroke_75,train
data/raw/brain_ct/Brain_Data_Organised/Stroke/75 (5).jpg,Stroke,1,Stroke_75,train
data/raw/brain_ct/Brain_Data_Organised/Stroke/75 (6).jpg,Stroke,1,Stroke_75,train
data/raw/brain_ct/Brain_Data_Organised/Stroke/75 (7).jpg,Stroke,1,Stroke_75,train
data/raw/brain_ct/Brain_Data_Organised/Stroke/75 (8).jpg,Stroke,1,Stroke_75,train
data/raw/brain_ct/Brain_Data_Organised/Stroke/75 (9).jpg,Stroke,1,Stroke_75,train
data/raw/brain_ct/Brain_Data_Organised/Stroke/75 (10).jpg,Stroke,1,Stroke_75,train
data/raw/brain_ct/Brain_Data_Organised/Stroke/75 (11).jpg,Stroke,1,Stroke_75,train
data/raw/brain_ct/Brain_Data_Organised/Stroke/75 (12).jpg,Stroke,1,Stroke_75,train
data/raw/brain_ct/Brain_Data_Organised/Stroke/75 (13).jpg,Stroke,1,Stroke_75,train
data/raw/brain_ct/Brain_Data_Organised/Stroke/75 (14).jpg,Stroke,1,Stroke_75,train
data/raw/brain_ct/Brain_Data_Organised/Stroke/75 (15).jpg,Stroke,1,Stroke_75,train
data/raw/brain_ct/Brain_Data_Organised/Stroke/75 (16).jpg,Stroke,1,Stroke_75,train
data/raw/brain_ct/Brain_Data_Organised/Stroke/75 (18).jpg,Stroke,1,Stroke_75,train
data/raw/brain_ct/Brain_Data_Organised/Stroke/75 (20).jpg,Stroke,1,Stroke_75,train
data/raw/brain_ct/Brain_Data_Organised/Stroke/75 (22).jpg,Stroke,1,Stroke_75,train
data/raw/brain_ct/Brain_Data_Organised/Stroke/75 (24).jpg,Stroke,1,Stroke_75,train
data/raw/brain_ct/Brain_Data_Organised/Stroke/75 (26).jpg,Stroke,1,Stroke_75,train
data/raw/brain_ct/Brain_Data_Organised/Stroke/75 (28).jpg,Stroke,1,Stroke_75,train
data/raw/brain_ct/Brain_Data_Organised/Stroke/75 (30).jpg,Stroke,1,Stroke_75,train
data/raw/brain_ct/Brain_Data_Organised/Stroke/75 (32).jpg,Stroke,1,Stroke_75,train
data/raw/brain_ct/Brain_Data_Organised/Stroke/75 (34).jpg,Stroke,1,Stroke_75,train
data/raw/brain_ct/Brain_Data_Organised/Stroke/75 (36).jpg,Stroke,1,Stroke_75,train
data/raw/brain_ct/Brain_Data_Organised/Stroke/75 (38).jpg,Stroke,1,Stroke_75,train
data/raw/brain_ct/Brain_Data_Organised/Stroke/75 (40).jpg,Stroke,1,Stroke_75,train
data/raw/brain_ct/Brain_Data_Organised/Stroke/75 (42).jpg,Stroke,1,Stroke_75,train
data/raw/brain_ct/Brain_Data_Organised/Stroke/75 (44).jpg,Stroke,1,Stroke_75,train
data/raw/brain_ct/Brain_Data_Organised/Stroke/75 (46).jpg,Stroke,1,Stroke_75,train
data/raw/brain_ct/Brain_Data_Organised/Stroke/75 (48).jpg,Stroke,1,Stroke_75,train
data/raw/brain_ct/Brain_Data_Organised/Stroke/75 (49).jpg,Stroke,1,Stroke_75,train
data/raw/brain_ct/Brain_Data_Organised/Stroke/76 (1).jpg,Stroke,1,Stroke_76,train
data/raw/brain_ct/Brain_Data_Organised/Stroke/76 (2).jpg,Stroke,1,Stroke_76,train
data/raw/brain_ct/Brain_Data_Organised/Stroke/76 (3).jpg,Stroke,1,Stroke_76,train
data/raw/brain_ct/Brain_Data_Organised/Stroke/76 (4).jpg,Stroke,1,Stroke_76,train
data/raw/brain_ct/Brain_Data_Organised/Stroke/76 (5).jpg,Stroke,1,Stroke_76,train
data/raw/brain_ct/Brain_Data_Organised/Stroke/76 (6).jpg,Stroke,1,Stroke_76,train
data/raw/brain_ct/Brain_Data_Organised/Stroke/76 (7).jpg,Stroke,1,Stroke_76,train
data/raw/brain_ct/Brain_Data_Organised/Stroke/76 (8).jpg,Stroke,1,Stroke_76,train
data/raw/brain_ct/Brain_Data_Organised/Stroke/76 (9).jpg,Stroke,1,Stroke_76,train
data/raw/brain_ct/Brain_Data_Organised/Stroke/76 (10).jpg,Stroke,1,Stroke_76,train
data/raw/brain_ct/Brain_Data_Organised/Stroke/76 (12).jpg,Stroke,1,Stroke_76,train
data/raw/brain_ct/Brain_Data_Organised/Stroke/76 (13).jpg,Stroke,1,Stroke_76,train
data/raw/brain_ct/Brain_Data_Organised/Stroke/76 (15).jpg,Stroke,1,Stroke_76,train
data/raw/brain_ct/Brain_Data_Organised/Stroke/76 (17).jpg,Stroke,1,Stroke_76,train
data/raw/brain_ct/Brain_Data_Organised/Stroke/76 (19).jpg,Stroke,1,Stroke_76,train
data/raw/brain_ct/Brain_Data_Organised/Stroke/76 (21).jpg,Stroke,1,Stroke_76,train
data/raw/brain_ct/Brain_Data_Organised/Stroke/76 (23).jpg,Stroke,1,Stroke_76,train
data/raw/brain_ct/Brain_Data_Organised/Stroke/76 (25).jpg,Stroke,1,Stroke_76,train
data/raw/brain_ct/Brain_Data_Organised/Stroke/76 (27).jpg,Stroke,1,Stroke_76,train
data/raw/brain_ct/Brain_Data_Organised/Stroke/76 (29).jpg,Stroke,1,Stroke_76,train
data/raw/brain_ct/Brain_Data_Organised/Stroke/76 (31).jpg,Stroke,1,Stroke_76,train
data/raw/brain_ct/Brain_Data_Organised/Stroke/76 (33).jpg,Stroke,1,Stroke_76,train
data/raw/brain_ct/Brain_Data_Organised/Stroke/76 (35).jpg,Stroke,1,Stroke_76,train
data/raw/brain_ct/Brain_Data_Organised/Stroke/76 (37).jpg,Stroke,1,Stroke_76,train
data/raw/brain_ct/Brain_Data_Organised/Stroke/76 (39).jpg,Stroke,1,Stroke_76,train
data/raw/brain_ct/Brain_Data_Organised/Stroke/76 (40).jpg,Stroke,1,Stroke_76,train
data/raw/brain_ct/Brain_Data_Organised/Stroke/76 (41).jpg,Stroke,1,Stroke_76,train
data/raw/brain_ct/Brain_Data_Organised/Stroke/76 (42).jpg,Stroke,1,Stroke_76,train
data/raw/brain_ct/Brain_Data_Organised/Stroke/76 (43).jpg,Stroke,1,Stroke_76,train
data/raw/brain_ct/Brain_Data_Organised/Stroke/77 (1).jpg,Stroke,1,Stroke_77,train
data/raw/brain_ct/Brain_Data_Organised/Stroke/77 (2).jpg,Stroke,1,Stroke_77,train
data/raw/brain_ct/Brain_Data_Organised/Stroke/77 (3).jpg,Stroke,1,Stroke_77,train
data/raw/brain_ct/Brain_Data_Organised/Stroke/77 (4).jpg,Stroke,1,Stroke_77,train
data/raw/brain_ct/Brain_Data_Organised/Stroke/77 (5).jpg,Stroke,1,Stroke_77,train
data/raw/brain_ct/Brain_Data_Organised/Stroke/77 (6).jpg,Stroke,1,Stroke_77,train
data/raw/brain_ct/Brain_Data_Organised/Stroke/77 (7).jpg,Stroke,1,Stroke_77,train
data/raw/brain_ct/Brain_Data_Organised/Stroke/77 (8).jpg,Stroke,1,Stroke_77,train
data/raw/brain_ct/Brain_Data_Organised/Stroke/77 (9).jpg,Stroke,1,Stroke_77,train
data/raw/brain_ct/Brain_Data_Organised/Stroke/77 (10).jpg,Stroke,1,Stroke_77,train
data/raw/brain_ct/Brain_Data_Organised/Stroke/77 (12).jpg,Stroke,1,Stroke_77,train
data/raw/brain_ct/Brain_Data_Organised/Stroke/77 (14).jpg,Stroke,1,Stroke_77,train
data/raw/brain_ct/Brain_Data_Organised/Stroke/77 (16).jpg,Stroke,1,Stroke_77,train
data/raw/brain_ct/Brain_Data_Organised/Stroke/77 (18).jpg,Stroke,1,Stroke_77,train
data/raw/brain_ct/Brain_Data_Organised/Stroke/77 (20).jpg,Stroke,1,Stroke_77,train
data/raw/brain_ct/Brain_Data_Organised/Stroke/77 (22).jpg,Stroke,1,Stroke_77,train
data/raw/brain_ct/Brain_Data_Organised/Stroke/77 (24).jpg,Stroke,1,Stroke_77,train
data/raw/brain_ct/Brain_Data_Organised/Stroke/77 (26).jpg,Stroke,1,Stroke_77,train
data/raw/brain_ct/Brain_Data_Organised/Stroke/77 (28).jpg,Stroke,1,Stroke_77,train
data/raw/brain_ct/Brain_Data_Organised/Stroke/77 (30).jpg,Stroke,1,Stroke_77,train
data/raw/brain_ct/Brain_Data_Organised/Stroke/77 (32).jpg,Stroke,1,Stroke_77,train
data/raw/brain_ct/Brain_Data_Organised/Stroke/77 (34).jpg,Stroke,1,Stroke_77,train
data/raw/brain_ct/Brain_Data_Organised/Stroke/77 (35).jpg,Stroke,1,Stroke_77,train
data/raw/brain_ct/Brain_Data_Organised/Stroke/77 (36).jpg,Stroke,1,Stroke_77,train
data/raw/brain_ct/Brain_Data_Organised/Stroke/77 (37).jpg,Stroke,1,Stroke_77,train
data/raw/brain_ct/Brain_Data_Organised/Stroke/77 (38).jpg,Stroke,1,Stroke_77,train
data/raw/brain_ct/Brain_Data_Organised/Stroke/77 (39).jpg,Stroke,1,Stroke_77,train
data/raw/brain_ct/Brain_Data_Organised/Stroke/77 (40).jpg,Stroke,1,Stroke_77,train
data/raw/brain_ct/Brain_Data_Organised/Stroke/77 (41).jpg,Stroke,1,Stroke_77,train
data/raw/brain_ct/Brain_Data_Organised/Stroke/77 (42).jpg,Stroke,1,Stroke_77,train
data/raw/brain_ct/Brain_Data_Organised/Stroke/77 (43).jpg,Stroke,1,Stroke_77,train
data/raw/brain_ct/Brain_Data_Organised/Stroke/78 (1).jpg,Stroke,1,Stroke_78,train
data/raw/brain_ct/Brain_Data_Organised/Stroke/78 (2).jpg,Stroke,1,Stroke_78,train
data/raw/brain_ct/Brain_Data_Organised/Stroke/78 (3).jpg,Stroke,1,Stroke_78,train
data/raw/brain_ct/Brain_Data_Organised/Stroke/78 (4).jpg,Stroke,1,Stroke_78,train
data/raw/brain_ct/Brain_Data_Organised/Stroke/78 (5).jpg,Stroke,1,Stroke_78,train
data/raw/brain_ct/Brain_Data_Organised/Stroke/78 (6).jpg,Stroke,1,Stroke_78,train
data/raw/brain_ct/Brain_Data_Organised/Stroke/78 (7).jpg,Stroke,1,Stroke_78,train
data/raw/brain_ct/Brain_Data_Organised/Stroke/78 (8).jpg,Stroke,1,Stroke_78,train
data/raw/brain_ct/Brain_Data_Organised/Stroke/78 (9).jpg,Stroke,1,Stroke_78,train
data/raw/brain_ct/Brain_Data_Organised/Stroke/78 (10).jpg,Stroke,1,Stroke_78,train
data/raw/brain_ct/Brain_Data_Organised/Stroke/78 (11).jpg,Stroke,1,Stroke_78,train
data/raw/brain_ct/Brain_Data_Organised/Stroke/78 (13).jpg,Stroke,1,Stroke_78,train
data/raw/brain_ct/Brain_Data_Organised/Stroke/78 (15).jpg,Stroke,1,Stroke_78,train
data/raw/brain_ct/Brain_Data_Organised/Stroke/78 (17).jpg,Stroke,1,Stroke_78,train
data/raw/brain_ct/Brain_Data_Organised/Stroke/78 (19).jpg,Stroke,1,Stroke_78,train
data/raw/brain_ct/Brain_Data_Organised/Stroke/78 (21).jpg,Stroke,1,Stroke_78,train
data/raw/brain_ct/Brain_Data_Organised/Stroke/78 (23).jpg,Stroke,1,Stroke_78,train
data/raw/brain_ct/Brain_Data_Organised/Stroke/78 (25).jpg,Stroke,1,Stroke_78,train
data/raw/brain_ct/Brain_Data_Organised/Stroke/78 (26).jpg,Stroke,1,Stroke_78,train
data/raw/brain_ct/Brain_Data_Organised/Stroke/78 (28).jpg,Stroke,1,Stroke_78,train
data/raw/brain_ct/Brain_Data_Organised/Stroke/78 (30).jpg,Stroke,1,Stroke_78,train
data/raw/brain_ct/Brain_Data_Organised/Stroke/78 (32).jpg,Stroke,1,Stroke_78,train
data/raw/brain_ct/Brain_Data_Organised/Stroke/78 (34).jpg,Stroke,1,Stroke_78,train
data/raw/brain_ct/Brain_Data_Organised/Stroke/78 (35).jpg,Stroke,1,Stroke_78,train
data/raw/brain_ct/Brain_Data_Organised/Stroke/78 (36).jpg,Stroke,1,Stroke_78,train
data/raw/brain_ct/Brain_Data_Organised/Stroke/78 (37).jpg,Stroke,1,Stroke_78,train
data/raw/brain_ct/Brain_Data_Organised/Stroke/78 (38).jpg,Stroke,1,Stroke_78,train
data/raw/brain_ct/Brain_Data_Organised/Stroke/78 (39).jpg,Stroke,1,Stroke_78,train
data/raw/brain_ct/Brain_Data_Organised/Stroke/78 (40).jpg,Stroke,1,Stroke_78,train
data/raw/brain_ct/Brain_Data_Organised/Stroke/78 (41).jpg,Stroke,1,Stroke_78,train
data/raw/brain_ct/Brain_Data_Organised/Stroke/78 (42).jpg,Stroke,1,Stroke_78,train
data/raw/brain_ct/Brain_Data_Organised/Stroke/80 (1).jpg,Stroke,1,Stroke_80,train
data/raw/brain_ct/Brain_Data_Organised/Stroke/80 (2).jpg,Stroke,1,Stroke_80,train
data/raw/brain_ct/Brain_Data_Organised/Stroke/80 (3).jpg,Stroke,1,Stroke_80,train
data/raw/brain_ct/Brain_Data_Organised/Stroke/80 (4).jpg,Stroke,1,Stroke_80,train
data/raw/brain_ct/Brain_Data_Organised/Stroke/80 (5).jpg,Stroke,1,Stroke_80,train
data/raw/brain_ct/Brain_Data_Organised/Stroke/80 (6).jpg,Stroke,1,Stroke_80,train
data/raw/brain_ct/Brain_Data_Organised/Stroke/80 (7).jpg,Stroke,1,Stroke_80,train
data/raw/brain_ct/Brain_Data_Organised/Stroke/80 (8).jpg,Stroke,1,Stroke_80,train
data/raw/brain_ct/Brain_Data_Organised/Stroke/80 (10).jpg,Stroke,1,Stroke_80,train
data/raw/brain_ct/Brain_Data_Organised/Stroke/80 (12).jpg,Stroke,1,Stroke_80,train
data/raw/brain_ct/Brain_Data_Organised/Stroke/80 (14).jpg,Stroke,1,Stroke_80,train
data/raw/brain_ct/Brain_Data_Organised/Stroke/80 (15).jpg,Stroke,1,Stroke_80,train
data/raw/brain_ct/Brain_Data_Organised/Stroke/80 (16).jpg,Stroke,1,Stroke_80,train
data/raw/brain_ct/Brain_Data_Organised/Stroke/80 (18).jpg,Stroke,1,Stroke_80,train
data/raw/brain_ct/Brain_Data_Organised/Stroke/80 (20).jpg,Stroke,1,Stroke_80,train
data/raw/brain_ct/Brain_Data_Organised/Stroke/80 (22).jpg,Stroke,1,Stroke_80,train
data/raw/brain_ct/Brain_Data_Organised/Stroke/80 (24).jpg,Stroke,1,Stroke_80,train
data/raw/brain_ct/Brain_Data_Organised/Stroke/80 (26).jpg,Stroke,1,Stroke_80,train
data/raw/brain_ct/Brain_Data_Organised/Stroke/80 (28).jpg,Stroke,1,Stroke_80,train
data/raw/brain_ct/Brain_Data_Organised/Stroke/80 (30).jpg,Stroke,1,Stroke_80,train
data/raw/brain_ct/Brain_Data_Organised/Stroke/80 (32).jpg,Stroke,1,Stroke_80,train
data/raw/brain_ct/Brain_Data_Organised/Stroke/80 (33).jpg,Stroke,1,Stroke_80,train
data/raw/brain_ct/Brain_Data_Organised/Stroke/80 (34).jpg,Stroke,1,Stroke_80,train
data/raw/brain_ct/Brain_Data_Organised/Stroke/80 (35).jpg,Stroke,1,Stroke_80,train
data/raw/brain_ct/Brain_Data_Organised/Stroke/80 (36).jpg,Stroke,1,Stroke_80,train
data/raw/brain_ct/Brain_Data_Organised/Stroke/80 (37).jpg,Stroke,1,Stroke_80,train
data/raw/brain_ct/Brain_Data_Organised/Stroke/80 (38).jpg,Stroke,1,Stroke_80,train
data/raw/brain_ct/Brain_Data_Organised/Stroke/80 (39).jpg,Stroke,1,Stroke_80,train
data/raw/brain_ct/Brain_Data_Organised/Stroke/80 (40).jpg,Stroke,1,Stroke_80,train
data/raw/brain_ct/Brain_Data_Organised/Stroke/82 (1).jpg,Stroke,1,Stroke_82,train
data/raw/brain_ct/Brain_Data_Organised/Stroke/82 (2).jpg,Stroke,1,Stroke_82,train
data/raw/brain_ct/Brain_Data_Organised/Stroke/82 (3).jpg,Stroke,1,Stroke_82,train
data/raw/brain_ct/Brain_Data_Organised/Stroke/82 (4).jpg,Stroke,1,Stroke_82,train
data/raw/brain_ct/Brain_Data_Organised/Stroke/82 (5).jpg,Stroke,1,Stroke_82,train
data/raw/brain_ct/Brain_Data_Organised/Stroke/82 (6).jpg,Stroke,1,Stroke_82,train
data/raw/brain_ct/Brain_Data_Organised/Stroke/82 (7).jpg,Stroke,1,Stroke_82,train
data/raw/brain_ct/Brain_Data_Organised/Stroke/82 (8).jpg,Stroke,1,Stroke_82,train
data/raw/brain_ct/Brain_Data_Organised/Stroke/82 (9).jpg,Stroke,1,Stroke_82,train
data/raw/brain_ct/Brain_Data_Organised/Stroke/82 (10).jpg,Stroke,1,Stroke_82,train
data/raw/brain_ct/Brain_Data_Organised/Stroke/82 (12).jpg,Stroke,1,Stroke_82,train
data/raw/brain_ct/Brain_Data_Organised/Stroke/82 (14).jpg,Stroke,1,Stroke_82,train
data/raw/brain_ct/Brain_Data_Organised/Stroke/82 (15).jpg,Stroke,1,Stroke_82,train
data/raw/brain_ct/Brain_Data_Organised/Stroke/82 (16).jpg,Stroke,1,Stroke_82,train
data/raw/brain_ct/Brain_Data_Organised/Stroke/82 (17).jpg,Stroke,1,Stroke_82,train
data/raw/brain_ct/Brain_Data_Organised/Stroke/82 (18).jpg,Stroke,1,Stroke_82,train
data/raw/brain_ct/Brain_Data_Organised/Stroke/82 (19).jpg,Stroke,1,Stroke_82,train
data/raw/brain_ct/Brain_Data_Organised/Stroke/82 (20).jpg,Stroke,1,Stroke_82,train
data/raw/brain_ct/Brain_Data_Organised/Stroke/82 (21).jpg,Stroke,1,Stroke_82,train
data/raw/brain_ct/Brain_Data_Organised/Stroke/82 (22).jpg,Stroke,1,Stroke_82,train
data/raw/brain_ct/Brain_Data_Organised/Stroke/82 (23).jpg,Stroke,1,Stroke_82,train
data/raw/brain_ct/Brain_Data_Organised/Stroke/82 (24).jpg,Stroke,1,Stroke_82,train
data/raw/brain_ct/Brain_Data_Organised/Stroke/82 (25).jpg,Stroke,1,Stroke_82,train
data/raw/brain_ct/Brain_Data_Organised/Stroke/82 (26).jpg,Stroke,1,Stroke_82,train
data/raw/brain_ct/Brain_Data_Organised/Stroke/82 (27).jpg,Stroke,1,Stroke_82,train
data/raw/brain_ct/Brain_Data_Organised/Stroke/82 (28).jpg,Stroke,1,Stroke_82,train
data/raw/brain_ct/Brain_Data_Organised/Stroke/82 (29).jpg,Stroke,1,Stroke_82,train
data/raw/brain_ct/Brain_Data_Organised/Stroke/82 (30).jpg,Stroke,1,Stroke_82,train
data/raw/brain_ct/Brain_Data_Organised/Stroke/82 (31).jpg,Stroke,1,Stroke_82,train
data/raw/brain_ct/Brain_Data_Organised/Stroke/83 (1).jpg,Stroke,1,Stroke_83,train
data/raw/brain_ct/Brain_Data_Organised/Stroke/83 (2).jpg,Stroke,1,Stroke_83,train
data/raw/brain_ct/Brain_Data_Organised/Stroke/83 (3).jpg,Stroke,1,Stroke_83,train
data/raw/brain_ct/Brain_Data_Organised/Stroke/83 (4).jpg,Stroke,1,Stroke_83,train
data/raw/brain_ct/Brain_Data_Organised/Stroke/83 (5).jpg,Stroke,1,Stroke_83,train
data/raw/brain_ct/Brain_Data_Organised/Stroke/83 (6).jpg,Stroke,1,Stroke_83,train
data/raw/brain_ct/Brain_Data_Organised/Stroke/83 (7).jpg,Stroke,1,Stroke_83,train
data/raw/brain_ct/Brain_Data_Organised/Stroke/83 (8).jpg,Stroke,1,Stroke_83,train
data/raw/brain_ct/Brain_Data_Organised/Stroke/83 (9).jpg,Stroke,1,Stroke_83,train
data/raw/brain_ct/Brain_Data_Organised/Stroke/83 (10).jpg,Stroke,1,Stroke_83,train
data/raw/brain_ct/Brain_Data_Organised/Stroke/83 (11).jpg,Stroke,1,Stroke_83,train
data/raw/brain_ct/Brain_Data_Organised/Stroke/83 (12).jpg,Stroke,1,Stroke_83,train
data/raw/brain_ct/Brain_Data_Organised/Stroke/83 (13).jpg,Stroke,1,Stroke_83,train
data/raw/brain_ct/Brain_Data_Organised/Stroke/83 (14).jpg,Stroke,1,Stroke_83,train
data/raw/brain_ct/Brain_Data_Organised/Stroke/83 (15).jpg,Stroke,1,Stroke_83,train
data/raw/brain_ct/Brain_Data_Organised/Stroke/83 (16).jpg,Stroke,1,Stroke_83,train
data/raw/brain_ct/Brain_Data_Organised/Stroke/83 (17).jpg,Stroke,1,Stroke_83,train
data/raw/brain_ct/Brain_Data_Organised/Stroke/83 (18).jpg,Stroke,1,Stroke_83,train
data/raw/brain_ct/Brain_Data_Organised/Stroke/83 (19).jpg,Stroke,1,Stroke_83,train
data/raw/brain_ct/Brain_Data_Organised/Stroke/83 (20).jpg,Stroke,1,Stroke_83,train
data/raw/brain_ct/Brain_Data_Organised/Stroke/83 (21).jpg,Stroke,1,Stroke_83,train
data/raw/brain_ct/Brain_Data_Organised/Stroke/83 (22).jpg,Stroke,1,Stroke_83,train
data/raw/brain_ct/Brain_Data_Organised/Stroke/83 (23).jpg,Stroke,1,Stroke_83,train
data/raw/brain_ct/Brain_Data_Organised/Stroke/83 (25).jpg,Stroke,1,Stroke_83,train
data/raw/brain_ct/Brain_Data_Organised/Stroke/83 (27).jpg,Stroke,1,Stroke_83,train
data/raw/brain_ct/Brain_Data_Organised/Stroke/83 (29).jpg,Stroke,1,Stroke_83,train
data/raw/brain_ct/Brain_Data_Organised/Stroke/83 (31).jpg,Stroke,1,Stroke_83,train
data/raw/brain_ct/Brain_Data_Organised/Stroke/83 (33).jpg,Stroke,1,Stroke_83,train
data/raw/brain_ct/Brain_Data_Organised/Stroke/83 (35).jpg,Stroke,1,Stroke_83,train
data/raw/brain_ct/Brain_Data_Organised/Stroke/83 (36).jpg,Stroke,1,Stroke_83,train
data/raw/brain_ct/Brain_Data_Organised/Stroke/83 (37).jpg,Stroke,1,Stroke_83,train
data/raw/brain_ct/Brain_Data_Organised/Stroke/83 (38).jpg,Stroke,1,Stroke_83,train
data/raw/brain_ct/Brain_Data_Organised/Stroke/86 (1).jpg,Stroke,1,Stroke_86,train
data/raw/brain_ct/Brain_Data_Organised/Stroke/86 (2).jpg,Stroke,1,Stroke_86,train
data/raw/brain_ct/Brain_Data_Organised/Stroke/86 (3).jpg,Stroke,1,Stroke_86,train
data/raw/brain_ct/Brain_Data_Organised/Stroke/86 (4).jpg,Stroke,1,Stroke_86,train
data/raw/brain_ct/Brain_Data_Organised/Stroke/86 (6).jpg,Stroke,1,Stroke_86,train
data/raw/brain_ct/Brain_Data_Organised/Stroke/86 (8).jpg,Stroke,1,Stroke_86,train
data/raw/brain_ct/Brain_Data_Organised/Stroke/86 (10).jpg,Stroke,1,Stroke_86,train
data/raw/brain_ct/Brain_Data_Organised/Stroke/86 (12).jpg,Stroke,1,Stroke_86,train
data/raw/brain_ct/Brain_Data_Organised/Stroke/86 (14).jpg,Stroke,1,Stroke_86,train
data/raw/brain_ct/Brain_Data_Organised/Stroke/86 (16).jpg,Stroke,1,Stroke_86,train
data/raw/brain_ct/Brain_Data_Organised/Stroke/86 (18).jpg,Stroke,1,Stroke_86,train
data/raw/brain_ct/Brain_Data_Organised/Stroke/86 (19).jpg,Stroke,1,Stroke_86,train
data/raw/brain_ct/Brain_Data_Organised/Stroke/86 (20).jpg,Stroke,1,Stroke_86,train
data/raw/brain_ct/Brain_Data_Organised/Stroke/86 (21).jpg,Stroke,1,Stroke_86,train
data/raw/brain_ct/Brain_Data_Organised/Stroke/86 (22).jpg,Stroke,1,Stroke_86,train
data/raw/brain_ct/Brain_Data_Organised/Stroke/86 (23).jpg,Stroke,1,Stroke_86,train
data/raw/brain_ct/Brain_Data_Organised/Stroke/86 (24).jpg,Stroke,1,Stroke_86,train
data/raw/brain_ct/Brain_Data_Organised/Stroke/86 (25).jpg,Stroke,1,Stroke_86,train
data/raw/brain_ct/Brain_Data_Organised/Stroke/86 (26).jpg,Stroke,1,Stroke_86,train
data/raw/brain_ct/Brain_Data_Organised/Stroke/86 (27).jpg,Stroke,1,Stroke_86,train
data/raw/brain_ct/Brain_Data_Organised/Stroke/86 (28).jpg,Stroke,1,Stroke_86,train
data/raw/brain_ct/Brain_Data_Organised/Stroke/86 (29).jpg,Stroke,1,Stroke_86,train
data/raw/brain_ct/Brain_Data_Organised/Stroke/86 (30).jpg,Stroke,1,Stroke_86,train
data/raw/brain_ct/Brain_Data_Organised/Stroke/86 (31).jpg,Stroke,1,Stroke_86,train
data/raw/brain_ct/Brain_Data_Organised/Stroke/86 (32).jpg,Stroke,1,Stroke_86,train
data/raw/brain_ct/Brain_Data_Organised/Stroke/86 (33).jpg,Stroke,1,Stroke_86,train
data/raw/brain_ct/Brain_Data_Organised/Stroke/86 (34).jpg,Stroke,1,Stroke_86,train
data/raw/brain_ct/Brain_Data_Organised/Stroke/86 (35).jpg,Stroke,1,Stroke_86,train
data/raw/brain_ct/Brain_Data_Organised/Stroke/86 (36).jpg,Stroke,1,Stroke_86,train
data/raw/brain_ct/Brain_Data_Organised/Stroke/87 (1).jpg,Stroke,1,Stroke_87,train
data/raw/brain_ct/Brain_Data_Organised/Stroke/87 (2).jpg,Stroke,1,Stroke_87,train
data/raw/brain_ct/Brain_Data_Organised/Stroke/87 (3).jpg,Stroke,1,Stroke_87,train
data/raw/brain_ct/Brain_Data_Organised/Stroke/87 (4).jpg,Stroke,1,Stroke_87,train
data/raw/brain_ct/Brain_Data_Organised/Stroke/87 (5).jpg,Stroke,1,Stroke_87,train
data/raw/brain_ct/Brain_Data_Organised/Stroke/87 (6).jpg,Stroke,1,Stroke_87,train
data/raw/brain_ct/Brain_Data_Organised/Stroke/87 (7).jpg,Stroke,1,Stroke_87,train
data/raw/brain_ct/Brain_Data_Organised/Stroke/87 (8).jpg,Stroke,1,Stroke_87,train
data/raw/brain_ct/Brain_Data_Organised/Stroke/87 (9).jpg,Stroke,1,Stroke_87,train
data/raw/brain_ct/Brain_Data_Organised/Stroke/87 (10).jpg,Stroke,1,Stroke_87,train
data/raw/brain_ct/Brain_Data_Organised/Stroke/87 (11).jpg,Stroke,1,Stroke_87,train
data/raw/brain_ct/Brain_Data_Organised/Stroke/87 (12).jpg,Stroke,1,Stroke_87,train
data/raw/brain_ct/Brain_Data_Organised/Stroke/87 (13).jpg,Stroke,1,Stroke_87,train
data/raw/brain_ct/Brain_Data_Organised/Stroke/87 (14).jpg,Stroke,1,Stroke_87,train
data/raw/brain_ct/Brain_Data_Organised/Stroke/87 (15).jpg,Stroke,1,Stroke_87,train
data/raw/brain_ct/Brain_Data_Organised/Stroke/87 (17).jpg,Stroke,1,Stroke_87,train
data/raw/brain_ct/Brain_Data_Organised/Stroke/87 (19).jpg,Stroke,1,Stroke_87,train
data/raw/brain_ct/Brain_Data_Organised/Stroke/87 (21).jpg,Stroke,1,Stroke_87,train
data/raw/brain_ct/Brain_Data_Organised/Stroke/87 (23).jpg,Stroke,1,Stroke_87,train
data/raw/brain_ct/Brain_Data_Organised/Stroke/87 (25).jpg,Stroke,1,Stroke_87,train
data/raw/brain_ct/Brain_Data_Organised/Stroke/87 (27).jpg,Stroke,1,Stroke_87,train
data/raw/brain_ct/Brain_Data_Organised/Stroke/87 (29).jpg,Stroke,1,Stroke_87,train
data/raw/brain_ct/Brain_Data_Organised/Stroke/87 (31).jpg,Stroke,1,Stroke_87,train
data/raw/brain_ct/Brain_Data_Organised/Stroke/87 (33).jpg,Stroke,1,Stroke_87,train
data/raw/brain_ct/Brain_Data_Organised/Stroke/87 (35).jpg,Stroke,1,Stroke_87,train
data/raw/brain_ct/Brain_Data_Organised/Stroke/87 (37).jpg,Stroke,1,Stroke_87,train
data/raw/brain_ct/Brain_Data_Organised/Stroke/87 (39).jpg,Stroke,1,Stroke_87,train
data/raw/brain_ct/Brain_Data_Organised/Stroke/87 (40).jpg,Stroke,1,Stroke_87,train
data/raw/brain_ct/Brain_Data_Organised/Stroke/87 (41).jpg,Stroke,1,Stroke_87,train
data/raw/brain_ct/Brain_Data_Organised/Stroke/87 (42).jpg,Stroke,1,Stroke_87,train
data/raw/brain_ct/Brain_Data_Organised/Stroke/87 (43).jpg,Stroke,1,Stroke_87,train
data/raw/brain_ct/Brain_Data_Organised/Stroke/87 (44).jpg,Stroke,1,Stroke_87,train
data/raw/brain_ct/Brain_Data_Organised/Stroke/88 (1).jpg,Stroke,1,Stroke_88,train
data/raw/brain_ct/Brain_Data_Organised/Stroke/88 (2).jpg,Stroke,1,Stroke_88,train
data/raw/brain_ct/Brain_Data_Organised/Stroke/88 (3).jpg,Stroke,1,Stroke_88,train
data/raw/brain_ct/Brain_Data_Organised/Stroke/88 (4).jpg,Stroke,1,Stroke_88,train
data/raw/brain_ct/Brain_Data_Organised/Stroke/88 (5).jpg,Stroke,1,Stroke_88,train
data/raw/brain_ct/Brain_Data_Organised/Stroke/88 (6).jpg,Stroke,1,Stroke_88,train
data/raw/brain_ct/Brain_Data_Organised/Stroke/88 (7).jpg,Stroke,1,Stroke_88,train
data/raw/brain_ct/Brain_Data_Organised/Stroke/88 (8).jpg,Stroke,1,Stroke_88,train
data/raw/brain_ct/Brain_Data_Organised/Stroke/88 (9).jpg,Stroke,1,Stroke_88,train
data/raw/brain_ct/Brain_Data_Organised/Stroke/88 (10).jpg,Stroke,1,Stroke_88,train
data/raw/brain_ct/Brain_Data_Organised/Stroke/88 (11).jpg,Stroke,1,Stroke_88,train
data/raw/brain_ct/Brain_Data_Organised/Stroke/88 (12).jpg,Stroke,1,Stroke_88,train
data/raw/brain_ct/Brain_Data_Organised/Stroke/88 (13).jpg,Stroke,1,Stroke_88,train
data/raw/brain_ct/Brain_Data_Organised/Stroke/88 (14).jpg,Stroke,1,Stroke_88,train
data/raw/brain_ct/Brain_Data_Organised/Stroke/88 (15).jpg,Stroke,1,Stroke_88,train
data/raw/brain_ct/Brain_Data_Organised/Stroke/88 (16).jpg,Stroke,1,Stroke_88,train
data/raw/brain_ct/Brain_Data_Organised/Stroke/88 (17).jpg,Stroke,1,Stroke_88,train
data/raw/brain_ct/Brain_Data_Organised/Stroke/88 (18).jpg,Stroke,1,Stroke_88,train
data/raw/brain_ct/Brain_Data_Organised/Stroke/88 (19).jpg,Stroke,1,Stroke_88,train
data/raw/brain_ct/Brain_Data_Organised/Stroke/88 (20).jpg,Stroke,1,Stroke_88,train
data/raw/brain_ct/Brain_Data_Organised/Stroke/88 (21).jpg,Stroke,1,Stroke_88,train
data/raw/brain_ct/Brain_Data_Organised/Stroke/88 (22).jpg,Stroke,1,Stroke_88,train
data/raw/brain_ct/Brain_Data_Organised/Stroke/88 (24).jpg,Stroke,1,Stroke_88,train
data/raw/brain_ct/Brain_Data_Organised/Stroke/88 (26).jpg,Stroke,1,Stroke_88,train
data/raw/brain_ct/Brain_Data_Organised/Stroke/88 (28).jpg,Stroke,1,Stroke_88,train
data/raw/brain_ct/Brain_Data_Organised/Stroke/88 (30).jpg,Stroke,1,Stroke_88,train
data/raw/brain_ct/Brain_Data_Organised/Stroke/88 (32).jpg,Stroke,1,Stroke_88,train
data/raw/brain_ct/Brain_Data_Organised/Stroke/88 (34).jpg,Stroke,1,Stroke_88,train
data/raw/brain_ct/Brain_Data_Organised/Stroke/88 (35).jpg,Stroke,1,Stroke_88,train
data/raw/brain_ct/Brain_Data_Organised/Stroke/88 (36).jpg,Stroke,1,Stroke_88,train
data/raw/brain_ct/Brain_Data_Organised/Stroke/88 (37).jpg,Stroke,1,Stroke_88,train
data/raw/brain_ct/Brain_Data_Organised/Stroke/89 (1).jpg,Stroke,1,Stroke_89,train
data/raw/brain_ct/Brain_Data_Organised/Stroke/89 (2).jpg,Stroke,1,Stroke_89,train
data/raw/brain_ct/Brain_Data_Organised/Stroke/89 (3).jpg,Stroke,1,Stroke_89,train
data/raw/brain_ct/Brain_Data_Organised/Stroke/89 (4).jpg,Stroke,1,Stroke_89,train
data/raw/brain_ct/Brain_Data_Organised/Stroke/89 (5).jpg,Stroke,1,Stroke_89,train
data/raw/brain_ct/Brain_Data_Organised/Stroke/89 (6).jpg,Stroke,1,Stroke_89,train
data/raw/brain_ct/Brain_Data_Organised/Stroke/89 (7).jpg,Stroke,1,Stroke_89,train
data/raw/brain_ct/Brain_Data_Organised/Stroke/89 (8).jpg,Stroke,1,Stroke_89,train
data/raw/brain_ct/Brain_Data_Organised/Stroke/89 (9).jpg,Stroke,1,Stroke_89,train
data/raw/brain_ct/Brain_Data_Organised/Stroke/89 (10).jpg,Stroke,1,Stroke_89,train
data/raw/brain_ct/Brain_Data_Organised/Stroke/89 (11).jpg,Stroke,1,Stroke_89,train
data/raw/brain_ct/Brain_Data_Organised/Stroke/89 (12).jpg,Stroke,1,Stroke_89,train
data/raw/brain_ct/Brain_Data_Organised/Stroke/89 (13).jpg,Stroke,1,Stroke_89,train
data/raw/brain_ct/Brain_Data_Organised/Stroke/89 (14).jpg,Stroke,1,Stroke_89,train
data/raw/brain_ct/Brain_Data_Organised/Stroke/89 (15).jpg,Stroke,1,Stroke_89,train
data/raw/brain_ct/Brain_Data_Organised/Stroke/89 (16).jpg,Stroke,1,Stroke_89,train
data/raw/brain_ct/Brain_Data_Organised/Stroke/89 (17).jpg,Stroke,1,Stroke_89,train
data/raw/brain_ct/Brain_Data_Organised/Stroke/89 (19).jpg,Stroke,1,Stroke_89,train
data/raw/brain_ct/Brain_Data_Organised/Stroke/89 (21).jpg,Stroke,1,Stroke_89,train
data/raw/brain_ct/Brain_Data_Organised/Stroke/89 (23).jpg,Stroke,1,Stroke_89,train
data/raw/brain_ct/Brain_Data_Organised/Stroke/89 (25).jpg,Stroke,1,Stroke_89,train
data/raw/brain_ct/Brain_Data_Organised/Stroke/89 (27).jpg,Stroke,1,Stroke_89,train
data/raw/brain_ct/Brain_Data_Organised/Stroke/89 (29).jpg,Stroke,1,Stroke_89,train
data/raw/brain_ct/Brain_Data_Organised/Stroke/89 (31).jpg,Stroke,1,Stroke_89,train
data/raw/brain_ct/Brain_Data_Organised/Stroke/89 (33).jpg,Stroke,1,Stroke_89,train
data/raw/brain_ct/Brain_Data_Organised/Stroke/89 (34).jpg,Stroke,1,Stroke_89,train
data/raw/brain_ct/Brain_Data_Organised/Stroke/89 (35).jpg,Stroke,1,Stroke_89,train
data/raw/brain_ct/Brain_Data_Organised/Stroke/89 (36).jpg,Stroke,1,Stroke_89,train
data/raw/brain_ct/Brain_Data_Organised/Stroke/89 (37).jpg,Stroke,1,Stroke_89,train
data/raw/brain_ct/Brain_Data_Organised/Stroke/89 (38).jpg,Stroke,1,Stroke_89,train
data/raw/brain_ct/Brain_Data_Organised/Stroke/89 (39).jpg,Stroke,1,Stroke_89,train
data/raw/brain_ct/Brain_Data_Organised/Stroke/89 (40).jpg,Stroke,1,Stroke_89,train
data/raw/brain_ct/Brain_Data_Organised/Stroke/89 (41).jpg,Stroke,1,Stroke_89,train
data/raw/brain_ct/Brain_Data_Organised/Stroke/89 (42).jpg,Stroke,1,Stroke_89,train
data/raw/brain_ct/Brain_Data_Organised/Stroke/89 (43).jpg,Stroke,1,Stroke_89,train
data/raw/brain_ct/Brain_Data_Organised/Stroke/90 (1).jpg,Stroke,1,Stroke_90,train
data/raw/brain_ct/Brain_Data_Organised/Stroke/90 (2).jpg,Stroke,1,Stroke_90,train
data/raw/brain_ct/Brain_Data_Organised/Stroke/90 (3).jpg,Stroke,1,Stroke_90,train
data/raw/brain_ct/Brain_Data_Organised/Stroke/90 (4).jpg,Stroke,1,Stroke_90,train
data/raw/brain_ct/Brain_Data_Organised/Stroke/90 (5).jpg,Stroke,1,Stroke_90,train
data/raw/brain_ct/Brain_Data_Organised/Stroke/90 (6).jpg,Stroke,1,Stroke_90,train
data/raw/brain_ct/Brain_Data_Organised/Stroke/90 (7).jpg,Stroke,1,Stroke_90,train
data/raw/brain_ct/Brain_Data_Organised/Stroke/90 (8).jpg,Stroke,1,Stroke_90,train
data/raw/brain_ct/Brain_Data_Organised/Stroke/90 (9).jpg,Stroke,1,Stroke_90,train
data/raw/brain_ct/Brain_Data_Organised/Stroke/90 (10).jpg,Stroke,1,Stroke_90,train
data/raw/brain_ct/Brain_Data_Organised/Stroke/90 (11).jpg,Stroke,1,Stroke_90,train
data/raw/brain_ct/Brain_Data_Organised/Stroke/90 (12).jpg,Stroke,1,Stroke_90,train
data/raw/brain_ct/Brain_Data_Organised/Stroke/90 (13).jpg,Stroke,1,Stroke_90,train
data/raw/brain_ct/Brain_Data_Organised/Stroke/90 (15).jpg,Stroke,1,Stroke_90,train
data/raw/brain_ct/Brain_Data_Organised/Stroke/90 (17).jpg,Stroke,1,Stroke_90,train
data/raw/brain_ct/Brain_Data_Organised/Stroke/90 (19).jpg,Stroke,1,Stroke_90,train
data/raw/brain_ct/Brain_Data_Organised/Stroke/90 (21).jpg,Stroke,1,Stroke_90,train
data/raw/brain_ct/Brain_Data_Organised/Stroke/90 (22).jpg,Stroke,1,Stroke_90,train
data/raw/brain_ct/Brain_Data_Organised/Stroke/90 (23).jpg,Stroke,1,Stroke_90,train
data/raw/brain_ct/Brain_Data_Organised/Stroke/90 (24).jpg,Stroke,1,Stroke_90,train
data/raw/brain_ct/Brain_Data_Organised/Stroke/90 (25).jpg,Stroke,1,Stroke_90,train
data/raw/brain_ct/Brain_Data_Organised/Stroke/90 (26).jpg,Stroke,1,Stroke_90,train
data/raw/brain_ct/Brain_Data_Organised/Stroke/90 (27).jpg,Stroke,1,Stroke_90,train
data/raw/brain_ct/Brain_Data_Organised/Stroke/90 (28).jpg,Stroke,1,Stroke_90,train
data/raw/brain_ct/Brain_Data_Organised/Stroke/90 (29).jpg,Stroke,1,Stroke_90,train
data/raw/brain_ct/Brain_Data_Organised/Stroke/90 (30).jpg,Stroke,1,Stroke_90,train
data/raw/brain_ct/Brain_Data_Organised/Stroke/90 (31).jpg,Stroke,1,Stroke_90,train
data/raw/brain_ct/Brain_Data_Organised/Stroke/90 (32).jpg,Stroke,1,Stroke_90,train
data/raw/brain_ct/Brain_Data_Organised/Stroke/91 (1).jpg,Stroke,1,Stroke_91,train
data/raw/brain_ct/Brain_Data_Organised/Stroke/91 (2).jpg,Stroke,1,Stroke_91,train
data/raw/brain_ct/Brain_Data_Organised/Stroke/91 (3).jpg,Stroke,1,Stroke_91,train
data/raw/brain_ct/Brain_Data_Organised/Stroke/91 (4).jpg,Stroke,1,Stroke_91,train
data/raw/brain_ct/Brain_Data_Organised/Stroke/91 (5).jpg,Stroke,1,Stroke_91,train
data/raw/brain_ct/Brain_Data_Organised/Stroke/91 (6).jpg,Stroke,1,Stroke_91,train
data/raw/brain_ct/Brain_Data_Organised/Stroke/91 (7).jpg,Stroke,1,Stroke_91,train
data/raw/brain_ct/Brain_Data_Organised/Stroke/91 (8).jpg,Stroke,1,Stroke_91,train
data/raw/brain_ct/Brain_Data_Organised/Stroke/91 (9).jpg,Stroke,1,Stroke_91,train
data/raw/brain_ct/Brain_Data_Organised/Stroke/91 (10).jpg,Stroke,1,Stroke_91,train
data/raw/brain_ct/Brain_Data_Organised/Stroke/91 (11).jpg,Stroke,1,Stroke_91,train
data/raw/brain_ct/Brain_Data_Organised/Stroke/91 (12).jpg,Stroke,1,Stroke_91,train
data/raw/brain_ct/Brain_Data_Organised/Stroke/91 (13).jpg,Stroke,1,Stroke_91,train
data/raw/brain_ct/Brain_Data_Organised/Stroke/91 (14).jpg,Stroke,1,Stroke_91,train
data/raw/brain_ct/Brain_Data_Organised/Stroke/91 (15).jpg,Stroke,1,Stroke_91,train
data/raw/brain_ct/Brain_Data_Organised/Stroke/91 (17).jpg,Stroke,1,Stroke_91,train
data/raw/brain_ct/Brain_Data_Organised/Stroke/91 (19).jpg,Stroke,1,Stroke_91,train
data/raw/brain_ct/Brain_Data_Organised/Stroke/91 (21).jpg,Stroke,1,Stroke_91,train
data/raw/brain_ct/Brain_Data_Organised/Stroke/91 (23).jpg,Stroke,1,Stroke_91,train
data/raw/brain_ct/Brain_Data_Organised/Stroke/91 (25).jpg,Stroke,1,Stroke_91,train
data/raw/brain_ct/Brain_Data_Organised/Stroke/91 (27).jpg,Stroke,1,Stroke_91,train
data/raw/brain_ct/Brain_Data_Organised/Stroke/91 (29).jpg,Stroke,1,Stroke_91,train
data/raw/brain_ct/Brain_Data_Organised/Stroke/91 (30).jpg,Stroke,1,Stroke_91,train
data/raw/brain_ct/Brain_Data_Organised/Stroke/91 (31).jpg,Stroke,1,Stroke_91,train
data/raw/brain_ct/Brain_Data_Organised/Stroke/91 (32).jpg,Stroke,1,Stroke_91,train
data/raw/brain_ct/Brain_Data_Organised/Stroke/91 (33).jpg,Stroke,1,Stroke_91,train
data/raw/brain_ct/Brain_Data_Organised/Stroke/91 (34).jpg,Stroke,1,Stroke_91,train
data/raw/brain_ct/Brain_Data_Organised/Stroke/91 (35).jpg,Stroke,1,Stroke_91,train
data/raw/brain_ct/Brain_Data_Organised/Stroke/91 (36).jpg,Stroke,1,Stroke_91,train
data/raw/brain_ct/Brain_Data_Organised/Stroke/91 (37).jpg,Stroke,1,Stroke_91,train
data/raw/brain_ct/Brain_Data_Organised/Stroke/91 (38).jpg,Stroke,1,Stroke_91,train
data/raw/brain_ct/Brain_Data_Organised/Stroke/91 (39).jpg,Stroke,1,Stroke_91,train
data/raw/brain_ct/Brain_Data_Organised/Stroke/91 (40).jpg,Stroke,1,Stroke_91,train
data/raw/brain_ct/Brain_Data_Organised/Stroke/93 (1).jpg,Stroke,1,Stroke_93,train
data/raw/brain_ct/Brain_Data_Organised/Stroke/93 (2).jpg,Stroke,1,Stroke_93,train
data/raw/brain_ct/Brain_Data_Organised/Stroke/93 (3).jpg,Stroke,1,Stroke_93,train
data/raw/brain_ct/Brain_Data_Organised/Stroke/93 (4).jpg,Stroke,1,Stroke_93,train
data/raw/brain_ct/Brain_Data_Organised/Stroke/93 (5).jpg,Stroke,1,Stroke_93,train
data/raw/brain_ct/Brain_Data_Organised/Stroke/93 (6).jpg,Stroke,1,Stroke_93,train
data/raw/brain_ct/Brain_Data_Organised/Stroke/93 (7).jpg,Stroke,1,Stroke_93,train
data/raw/brain_ct/Brain_Data_Organised/Stroke/93 (8).jpg,Stroke,1,Stroke_93,train
data/raw/brain_ct/Brain_Data_Organised/Stroke/93 (9).jpg,Stroke,1,Stroke_93,train
data/raw/brain_ct/Brain_Data_Organised/Stroke/93 (10).jpg,Stroke,1,Stroke_93,train
data/raw/brain_ct/Brain_Data_Organised/Stroke/93 (11).jpg,Stroke,1,Stroke_93,train
data/raw/brain_ct/Brain_Data_Organised/Stroke/93 (12).jpg,Stroke,1,Stroke_93,train
data/raw/brain_ct/Brain_Data_Organised/Stroke/93 (13).jpg,Stroke,1,Stroke_93,train
data/raw/brain_ct/Brain_Data_Organised/Stroke/93 (14).jpg,Stroke,1,Stroke_93,train
data/raw/brain_ct/Brain_Data_Organised/Stroke/93 (15).jpg,Stroke,1,Stroke_93,train
data/raw/brain_ct/Brain_Data_Organised/Stroke/93 (16).jpg,Stroke,1,Stroke_93,train
data/raw/brain_ct/Brain_Data_Organised/Stroke/93 (17).jpg,Stroke,1,Stroke_93,train
data/raw/brain_ct/Brain_Data_Organised/Stroke/93 (18).jpg,Stroke,1,Stroke_93,train
data/raw/brain_ct/Brain_Data_Organised/Stroke/93 (20).jpg,Stroke,1,Stroke_93,train
data/raw/brain_ct/Brain_Data_Organised/Stroke/93 (22).jpg,Stroke,1,Stroke_93,train
data/raw/brain_ct/Brain_Data_Organised/Stroke/93 (24).jpg,Stroke,1,Stroke_93,train
data/raw/brain_ct/Brain_Data_Organised/Stroke/93 (26).jpg,Stroke,1,Stroke_93,train
data/raw/brain_ct/Brain_Data_Organised/Stroke/93 (27).jpg,Stroke,1,Stroke_93,train
data/raw/brain_ct/Brain_Data_Organised/Stroke/93 (28).jpg,Stroke,1,Stroke_93,train
data/raw/brain_ct/Brain_Data_Organised/Stroke/93 (29).jpg,Stroke,1,Stroke_93,train
data/raw/brain_ct/Brain_Data_Organised/Stroke/93 (30).jpg,Stroke,1,Stroke_93,train
data/raw/brain_ct/Brain_Data_Organised/Stroke/93 (31).jpg,Stroke,1,Stroke_93,train
data/raw/brain_ct/Brain_Data_Organised/Stroke/93 (32).jpg,Stroke,1,Stroke_93,train
data/raw/brain_ct/Brain_Data_Organised/Stroke/93 (33).jpg,Stroke,1,Stroke_93,train
data/raw/brain_ct/Brain_Data_Organised/Stroke/93 (34).jpg,Stroke,1,Stroke_93,train
data/raw/brain_ct/Brain_Data_Organised/Stroke/93 (35).jpg,Stroke,1,Stroke_93,train
data/raw/brain_ct/Brain_Data_Organised/Stroke/93 (36).jpg,Stroke,1,Stroke_93,train
